pathogen_type,iso3_country,canonical_organism,canonical_drug,static_burden_midpoint,evolutionary_trajectory_slope,n_tested_total,low_n_flag,cluster_id,cluster_label,version,date_added
bacterial,ARE,Haemophilus influenzae,amoxicillin,0.08823529411764702,9.643576746180324e-17,34,True,0,cluster_0,v1,2026-07-08
bacterial,ARE,Haemophilus influenzae,amoxicillin/clavulanate,0.01470588235294117,0.4999999999999774,68,True,0,cluster_0,v1,2026-07-08
bacterial,ARE,Haemophilus influenzae,ampicillin,0.11764705882352935,9.643576746180324e-17,34,True,0,cluster_0,v1,2026-07-08
bacterial,ARE,Haemophilus influenzae,cefixime,0.02941176470588234,-9.26769975630534e-17,34,True,0,cluster_0,v1,2026-07-08
bacterial,ARE,Haemophilus influenzae,cefpodoxime,0.0,-9.26769975630534e-17,34,True,0,cluster_0,v1,2026-07-08
bacterial,ARE,Haemophilus influenzae,ceftibuten,0.0,3.648874032317663e-18,34,True,0,cluster_0,v1,2026-07-08
bacterial,ARE,Haemophilus influenzae,ceftriaxone,0.0,2.789920254878553e-17,34,True,0,cluster_0,v1,2026-07-08
bacterial,ARE,Haemophilus influenzae,cefuroxime,0.02941176470588234,9.643576746180324e-17,34,True,0,cluster_0,v1,2026-07-08
bacterial,ARE,Haemophilus influenzae,moxifloxacin,0.2647058823529412,0.9999999999999547,34,True,0,cluster_0,v1,2026-07-08
bacterial,ARE,Haemophilus influenzae,tetracycline,0.05882352941176468,9.643576746180324e-17,34,True,0,cluster_0,v1,2026-07-08
bacterial,ARE,Streptococcus pneumoniae,ceftriaxone,0.0204081632653061,1.4460813083437992e-16,49,True,0,cluster_0,v1,2026-07-08
bacterial,ARE,Streptococcus pneumoniae,levofloxacin,0.02040816326530612,4.8217883730901625e-17,49,True,0,cluster_0,v1,2026-07-08
bacterial,ARE,Streptococcus pneumoniae,moxifloxacin,0.02040816326530612,1.5214050172453002e-17,49,True,0,cluster_0,v1,2026-07-08
bacterial,ARE,Streptococcus pneumoniae,penicillin,0.04081632653061222,1.4460813083437992e-16,49,True,0,cluster_0,v1,2026-07-08
bacterial,ARG,Haemophilus influenzae,amoxicillin,0.20224719101123595,-2.12727171617452e-16,89,True,0,cluster_0,v1,2026-07-08
bacterial,ARG,Haemophilus influenzae,amoxicillin/clavulanate,0.055,-2.12727171617452e-16,89,True,0,cluster_0,v1,2026-07-08
bacterial,ARG,Haemophilus influenzae,ampicillin,0.2247191011235955,0.5147234222634373,89,True,0,cluster_0,v1,2026-07-08
bacterial,ARG,Haemophilus influenzae,cefixime,0.04494382022471909,0.5000000000001944,89,True,0,cluster_0,v1,2026-07-08
bacterial,ARG,Haemophilus influenzae,cefpodoxime,0.0,-1.4027731426452267e-16,89,True,0,cluster_0,v1,2026-07-08
bacterial,ARG,Haemophilus influenzae,ceftriaxone,0.011235955056179763,-1.4027731426452267e-16,89,True,0,cluster_0,v1,2026-07-08
bacterial,ARG,Haemophilus influenzae,cefuroxime,0.011235955056179756,-2.12727171617452e-16,89,True,0,cluster_0,v1,2026-07-08
bacterial,ARG,Haemophilus influenzae,levofloxacin,0.02247191011235952,0.5000000000000442,89,True,0,cluster_0,v1,2026-07-08
bacterial,ARG,Haemophilus influenzae,moxifloxacin,0.011235955056179756,0.2500000000000218,89,True,0,cluster_0,v1,2026-07-08
bacterial,ARG,Haemophilus influenzae,trimethoprim/sulfamethoxazole,0.2921348314606741,1.5147234222636763,89,True,0,cluster_0,v1,2026-07-08
bacterial,ARG,Streptococcus pneumoniae,ampicillin,0.08421052631578946,-7.414030278160972e-16,95,True,0,cluster_0,v1,2026-07-08
bacterial,ARG,Streptococcus pneumoniae,azithromycin,0.2,-1.4027731426452267e-16,95,True,0,cluster_0,v1,2026-07-08
bacterial,ARG,Streptococcus pneumoniae,cefpodoxime,0.11578947368421051,0.2499999999999466,95,True,0,cluster_0,v1,2026-07-08
bacterial,ARG,Streptococcus pneumoniae,ceftriaxone,0.0,0.5000000000000432,95,True,0,cluster_0,v1,2026-07-08
bacterial,ARG,Streptococcus pneumoniae,cefuroxime,0.16842105263157892,1.5294468445273797,95,True,0,cluster_0,v1,2026-07-08
bacterial,ARG,Streptococcus pneumoniae,clarithromycin,0.2,0.250000000000097,95,True,0,cluster_0,v1,2026-07-08
bacterial,ARG,Streptococcus pneumoniae,erythromycin,0.2,3.4705476038744457e-17,95,True,0,cluster_0,v1,2026-07-08
bacterial,ARG,Streptococcus pneumoniae,levofloxacin,0.021052631578947368,-1.06363585808726e-16,95,True,0,cluster_0,v1,2026-07-08
bacterial,ARG,Streptococcus pneumoniae,moxifloxacin,0.010526315789473682,-2.1221791496444863e-16,95,True,0,cluster_0,v1,2026-07-08
bacterial,ARG,Streptococcus pneumoniae,penicillin,0.05263157894736842,1.029446844526875,95,True,0,cluster_0,v1,2026-07-08
bacterial,ARG,Streptococcus pneumoniae,trimethoprim/sulfamethoxazole,0.1263157894736842,-3.8062331467734856e-17,95,True,0,cluster_0,v1,2026-07-08
bacterial,BGR,Haemophilus influenzae,amoxicillin,0.041095890410958895,0.0,73,True,0,cluster_0,v1,2026-07-08
bacterial,BGR,Haemophilus influenzae,amoxicillin/clavulanate,0.04375,1.7403349561764133e-17,73,True,0,cluster_0,v1,2026-07-08
bacterial,BGR,Haemophilus influenzae,ampicillin,0.0,1.7403349561764133e-17,73,True,0,cluster_0,v1,2026-07-08
bacterial,BGR,Haemophilus influenzae,ceftriaxone,0.0,-2.4719770909476936e-16,73,True,0,cluster_0,v1,2026-07-08
bacterial,BGR,Haemophilus influenzae,cefuroxime,0.013698630136986297,8.701674780882066e-18,73,True,0,cluster_0,v1,2026-07-08
bacterial,BGR,Haemophilus influenzae,levofloxacin,0.0,8.701674780882066e-18,73,True,0,cluster_0,v1,2026-07-08
bacterial,BGR,Haemophilus influenzae,moxifloxacin,0.0,2.1739424409886134e-17,73,True,0,cluster_0,v1,2026-07-08
bacterial,BGR,Streptococcus pneumoniae,ampicillin,0.017120409252293828,2.7526790913591166e-16,157,True,0,cluster_0,v1,2026-07-08
bacterial,BGR,Streptococcus pneumoniae,azithromycin,0.2439024390243902,0.5294468445267085,164,True,0,cluster_0,v1,2026-07-08
bacterial,BGR,Streptococcus pneumoniae,ceftriaxone,0.0,2.7526790913591166e-16,164,True,0,cluster_0,v1,2026-07-08
bacterial,BGR,Streptococcus pneumoniae,cefuroxime,0.06097560975609753,2.378359311267844e-16,164,True,0,cluster_0,v1,2026-07-08
bacterial,BGR,Streptococcus pneumoniae,clarithromycin,0.2439024390243902,0.4999999999999291,164,True,0,cluster_0,v1,2026-07-08
bacterial,BGR,Streptococcus pneumoniae,erythromycin,0.2439024390243902,3.6943771757505475e-16,164,True,0,cluster_0,v1,2026-07-08
bacterial,BGR,Streptococcus pneumoniae,levofloxacin,0.0,9.363287425826173e-17,164,True,0,cluster_0,v1,2026-07-08
bacterial,BGR,Streptococcus pneumoniae,moxifloxacin,0.0,0.5294468445267085,164,True,0,cluster_0,v1,2026-07-08
bacterial,BGR,Streptococcus pneumoniae,penicillin,0.0,3.226972742256838e-16,164,True,0,cluster_0,v1,2026-07-08
bacterial,BGR,Streptococcus pneumoniae,trimethoprim/sulfamethoxazole,0.04268292682926825,1.0294468445266372,164,True,0,cluster_0,v1,2026-07-08
bacterial,CHL,Haemophilus influenzae,amoxicillin,0.1818181818181818,1.4999999999999825,77,True,0,cluster_0,v1,2026-07-08
bacterial,CHL,Haemophilus influenzae,amoxicillin/clavulanate,0.058823529411764705,-1.5036587937807098e-13,77,True,0,cluster_0,v1,2026-07-08
bacterial,CHL,Haemophilus influenzae,cefixime,0.012987012987012964,0.4999999999999688,77,True,0,cluster_0,v1,2026-07-08
bacterial,CHL,Haemophilus influenzae,cefpodoxime,0.012987012987012964,0.5000000000000442,77,True,0,cluster_0,v1,2026-07-08
bacterial,CHL,Haemophilus influenzae,ceftriaxone,0.0,-1.4027731426452267e-16,77,True,0,cluster_0,v1,2026-07-08
bacterial,CHL,Haemophilus influenzae,cefuroxime,0.0,0.2499999999999469,77,True,0,cluster_0,v1,2026-07-08
bacterial,CHL,Haemophilus influenzae,levofloxacin,0.0,0.2500000000000973,77,True,0,cluster_0,v1,2026-07-08
bacterial,CHL,Haemophilus influenzae,moxifloxacin,0.0,-3.358260837567078e-17,77,True,0,cluster_0,v1,2026-07-08
bacterial,CHL,Haemophilus influenzae,trimethoprim/sulfamethoxazole,0.20779220779220778,0.5294468445268308,77,True,0,cluster_0,v1,2026-07-08
bacterial,CHL,Streptococcus pneumoniae,ampicillin,0.1780821917808219,-0.5147234222634384,73,True,0,cluster_0,v1,2026-07-08
bacterial,CHL,Streptococcus pneumoniae,levofloxacin,0.0136986301369863,-1.06363585808726e-16,73,True,0,cluster_0,v1,2026-07-08
bacterial,CHL,Streptococcus pneumoniae,moxifloxacin,0.0,0.2647234222634156,73,True,0,cluster_0,v1,2026-07-08
bacterial,CRI,Haemophilus influenzae,amoxicillin/clavulanate,0.14999999999999997,-0.49999999999959155,52,True,0,cluster_0,v1,2026-07-08
bacterial,CRI,Haemophilus influenzae,cefixime,0.0,2.7227860557843834e-16,52,True,0,cluster_0,v1,2026-07-08
bacterial,CRI,Haemophilus influenzae,cefpodoxime,0.0,0.4999999999995922,52,True,0,cluster_0,v1,2026-07-08
bacterial,CRI,Haemophilus influenzae,ceftriaxone,0.0,9.521983338450519e-17,52,True,0,cluster_0,v1,2026-07-08
bacterial,CRI,Haemophilus influenzae,levofloxacin,0.0,0.999999999999184,52,True,0,cluster_0,v1,2026-07-08
bacterial,CRI,Haemophilus influenzae,moxifloxacin,0.0,0.999999999999184,52,True,0,cluster_0,v1,2026-07-08
bacterial,CZE,Haemophilus influenzae,amoxicillin,0.17258883248730963,0.0,197,True,0,cluster_0,v1,2026-07-08
bacterial,CZE,Haemophilus influenzae,amoxicillin/clavulanate,0.047846889952153075,1.7403349561764133e-17,197,True,0,cluster_0,v1,2026-07-08
bacterial,CZE,Haemophilus influenzae,ceftriaxone,0.005076142131979695,-2.4719770909476936e-16,197,True,0,cluster_0,v1,2026-07-08
bacterial,CZE,Haemophilus influenzae,cefuroxime,0.14213197969543143,8.701674780882066e-18,197,True,0,cluster_0,v1,2026-07-08
bacterial,CZE,Haemophilus influenzae,moxifloxacin,0.0,2.1739424409886134e-17,197,True,0,cluster_0,v1,2026-07-08
bacterial,CZE,Streptococcus pneumoniae,ampicillin,0.019572182700993663,-2.1254688908867196e-16,192,True,0,cluster_0,v1,2026-07-08
bacterial,CZE,Streptococcus pneumoniae,azithromycin,0.10499999999999997,-1.3940729939134096e-16,200,True,0,cluster_0,v1,2026-07-08
bacterial,CZE,Streptococcus pneumoniae,ceftriaxone,0.0,-2.1254688908867196e-16,200,True,0,cluster_0,v1,2026-07-08
bacterial,CZE,Streptococcus pneumoniae,cefuroxime,0.044999999999999964,6.49510286240344e-16,200,True,0,cluster_0,v1,2026-07-08
bacterial,CZE,Streptococcus pneumoniae,clarithromycin,0.09999999999999996,-4.812824875394464e-16,200,True,0,cluster_0,v1,2026-07-08
bacterial,CZE,Streptococcus pneumoniae,erythromycin,0.10499999999999997,-7.497976396282597e-16,200,True,0,cluster_0,v1,2026-07-08
bacterial,CZE,Streptococcus pneumoniae,levofloxacin,0.004999999999999994,8.701674780882066e-18,200,True,0,cluster_0,v1,2026-07-08
bacterial,CZE,Streptococcus pneumoniae,moxifloxacin,0.004999999999999994,-1.3940729939134096e-16,200,True,0,cluster_0,v1,2026-07-08
bacterial,CZE,Streptococcus pneumoniae,penicillin,0.02499999999999998,-4.812824875394464e-16,200,True,0,cluster_0,v1,2026-07-08
bacterial,CZE,Streptococcus pneumoniae,trimethoprim/sulfamethoxazole,0.03499999999999997,1.058893689053107,200,True,0,cluster_0,v1,2026-07-08
bacterial,ESP,Haemophilus influenzae,amoxicillin,0.19272727272727266,-7.930396580903765e-19,275,True,0,cluster_0,v1,2026-07-08
bacterial,ESP,Haemophilus influenzae,amoxicillin/clavulanate,0.023636363636363626,-0.14999999999998645,550,True,0,cluster_0,v1,2026-07-08
bacterial,ESP,Haemophilus influenzae,ampicillin,0.18909090909090903,-7.930396580903765e-19,275,True,0,cluster_0,v1,2026-07-08
bacterial,ESP,Haemophilus influenzae,cefixime,0.03272727272727272,-0.1499999999999867,275,True,0,cluster_0,v1,2026-07-08
bacterial,ESP,Haemophilus influenzae,cefotaxime,0.003636363636363635,3.2513311401644105e-17,275,True,0,cluster_0,v1,2026-07-08
bacterial,ESP,Haemophilus influenzae,cefpodoxime,0.021818181818181806,-1.445593372966915e-16,275,True,0,cluster_0,v1,2026-07-08
bacterial,ESP,Haemophilus influenzae,ceftibuten,0.018181818181818174,3.198406985571066e-17,275,True,0,cluster_0,v1,2026-07-08
bacterial,ESP,Haemophilus influenzae,ceftriaxone,0.0,1.1472112390909356e-16,275,True,0,cluster_0,v1,2026-07-08
bacterial,ESP,Haemophilus influenzae,cefuroxime,0.0036363636363636346,-7.930396580903765e-19,275,True,0,cluster_0,v1,2026-07-08
bacterial,ESP,Haemophilus influenzae,levofloxacin,0.0327272727272727,-7.930396580903765e-19,275,True,0,cluster_0,v1,2026-07-08
bacterial,ESP,Haemophilus influenzae,moxifloxacin,0.0327272727272727,3.2513311401644105e-17,275,True,0,cluster_0,v1,2026-07-08
bacterial,ESP,Haemophilus influenzae,tetracycline,0.0,-0.1500000000000163,275,True,0,cluster_0,v1,2026-07-08
bacterial,ESP,Streptococcus pneumoniae,azithromycin,0.22727272727272727,-0.2500000000000594,176,True,0,cluster_0,v1,2026-07-08
bacterial,ESP,Streptococcus pneumoniae,cefotaxime,0.0,-0.3000000000000325,176,True,0,cluster_0,v1,2026-07-08
bacterial,ESP,Streptococcus pneumoniae,cefpodoxime,0.17045454545454544,-5.941435349126693e-14,176,True,0,cluster_0,v1,2026-07-08
bacterial,ESP,Streptococcus pneumoniae,ceftriaxone,0.0,-0.1500000000000463,176,True,0,cluster_0,v1,2026-07-08
bacterial,ESP,Streptococcus pneumoniae,cefuroxime,0.16477272727272727,-0.1411659466420706,176,True,0,cluster_0,v1,2026-07-08
bacterial,ESP,Streptococcus pneumoniae,clarithromycin,0.2159090909090909,-0.1500000000000463,176,True,0,cluster_0,v1,2026-07-08
bacterial,ESP,Streptococcus pneumoniae,doxycycline,0.15340909090909088,-0.3000000000000322,176,True,0,cluster_0,v1,2026-07-08
bacterial,ESP,Streptococcus pneumoniae,erythromycin,0.23295454545454544,3.198406985571066e-17,176,True,0,cluster_0,v1,2026-07-08
bacterial,ESP,Streptococcus pneumoniae,levofloxacin,0.005681818181818181,-3.9651982904518823e-19,176,True,0,cluster_0,v1,2026-07-08
bacterial,ESP,Streptococcus pneumoniae,moxifloxacin,0.005681818181818181,-5.593941942431736e-17,176,True,0,cluster_0,v1,2026-07-08
bacterial,ESP,Streptococcus pneumoniae,penicillin,0.045454545454545435,-0.1500000000001053,176,True,0,cluster_0,v1,2026-07-08
bacterial,ESP,Streptococcus pneumoniae,tetracycline,0.17613636363636362,-0.3176681067161051,176,True,0,cluster_0,v1,2026-07-08
bacterial,ESP,Streptococcus pneumoniae,trimethoprim/sulfamethoxazole,0.23295454545454544,-2.97513833350989e-14,176,True,0,cluster_0,v1,2026-07-08
bacterial,GRC,Haemophilus influenzae,amoxicillin,0.15384615384615385,0.0,52,True,0,cluster_0,v1,2026-07-08
bacterial,GRC,Haemophilus influenzae,amoxicillin/clavulanate,0.07142857142857142,8.701674780882066e-18,52,True,0,cluster_0,v1,2026-07-08
bacterial,GRC,Haemophilus influenzae,ampicillin,0.15384615384615385,0.0,52,True,0,cluster_0,v1,2026-07-08
bacterial,GRC,Haemophilus influenzae,ceftriaxone,0.03846153846153843,-2.4719770909476936e-16,52,True,0,cluster_0,v1,2026-07-08
bacterial,GRC,Haemophilus influenzae,cefuroxime,0.05769230769230765,0.9999999999995638,52,True,0,cluster_0,v1,2026-07-08
bacterial,GRC,Haemophilus influenzae,levofloxacin,0.03846153846153843,1.7403349561764133e-17,52,True,0,cluster_0,v1,2026-07-08
bacterial,GRC,Haemophilus influenzae,moxifloxacin,0.03846153846153843,2.1739424409886134e-17,52,True,0,cluster_0,v1,2026-07-08
bacterial,GRC,Streptococcus pneumoniae,levofloxacin,0.0,9.363287425826172e-17,99,True,0,cluster_0,v1,2026-07-08
bacterial,GRC,Streptococcus pneumoniae,moxifloxacin,0.0,-0.2647234222633292,99,True,0,cluster_0,v1,2026-07-08
bacterial,HRV,Haemophilus influenzae,amoxicillin,0.11111111111111108,0.0,99,True,0,cluster_0,v1,2026-07-08
bacterial,HRV,Haemophilus influenzae,ampicillin,0.07070707070707069,1.999999999999128,99,True,0,cluster_0,v1,2026-07-08
bacterial,HRV,Haemophilus influenzae,ceftriaxone,0.0,-2.4719770909476936e-16,99,True,0,cluster_0,v1,2026-07-08
bacterial,HRV,Haemophilus influenzae,cefuroxime,0.10101010101010098,8.701674780882066e-18,99,True,0,cluster_0,v1,2026-07-08
bacterial,HRV,Haemophilus influenzae,moxifloxacin,0.0,2.1739424409886134e-17,99,True,0,cluster_0,v1,2026-07-08
bacterial,HRV,Haemophilus influenzae,trimethoprim/sulfamethoxazole,0.24242424242424238,6.49510286240344e-16,99,True,0,cluster_0,v1,2026-07-08
bacterial,HRV,Streptococcus pneumoniae,levofloxacin,0.0,9.363287425826173e-17,93,True,0,cluster_0,v1,2026-07-08
bacterial,HRV,Streptococcus pneumoniae,moxifloxacin,0.0,3.2944136235912682e-18,93,True,0,cluster_0,v1,2026-07-08
bacterial,IND,Haemophilus influenzae,amoxicillin,0.14035087719298242,0.357142857142831,171,True,0,cluster_0,v1,2026-07-08
bacterial,IND,Haemophilus influenzae,amoxicillin/clavulanate,0.06432748538011693,0.08928571428570768,342,True,0,cluster_0,v1,2026-07-08
bacterial,IND,Haemophilus influenzae,ampicillin,0.15204678362573096,0.357142857142831,171,True,0,cluster_0,v1,2026-07-08
bacterial,IND,Haemophilus influenzae,cefixime,0.19298245614035084,-5.807656032017505e-17,171,True,0,cluster_0,v1,2026-07-08
bacterial,IND,Haemophilus influenzae,cefpodoxime,0.19883040935672514,0.1785714285714153,171,True,0,cluster_0,v1,2026-07-08
bacterial,IND,Haemophilus influenzae,ceftibuten,0.1871345029239766,0.3676595873309671,171,True,0,cluster_0,v1,2026-07-08
bacterial,IND,Haemophilus influenzae,ceftriaxone,0.0,-0.1785714285714156,171,True,0,cluster_0,v1,2026-07-08
bacterial,IND,Haemophilus influenzae,cefuroxime,0.0701754385964912,-0.1785714285714156,171,True,0,cluster_0,v1,2026-07-08
bacterial,IND,Haemophilus influenzae,tetracycline,0.08187134502923969,1.8129548560249316e-16,171,True,0,cluster_0,v1,2026-07-08
bacterial,IND,Streptococcus pneumoniae,cefotaxime,0.0,0.5210334603763097,177,True,0,cluster_0,v1,2026-07-08
bacterial,IND,Streptococcus pneumoniae,ceftriaxone,0.0,0.5756352635038957,177,True,0,cluster_0,v1,2026-07-08
bacterial,IND,Streptococcus pneumoniae,levofloxacin,0.05649717514124292,-6.56740290647877e-18,177,True,0,cluster_0,v1,2026-07-08
bacterial,IND,Streptococcus pneumoniae,moxifloxacin,0.033898305084745756,1.5363525631860164e-17,177,True,0,cluster_0,v1,2026-07-08
bacterial,IND,Streptococcus pneumoniae,penicillin,0.05649717514124292,0.2184924063610649,177,True,0,cluster_0,v1,2026-07-08
bacterial,ITA,Haemophilus influenzae,amoxicillin,0.18072289156626503,-7.930396580903765e-19,249,True,0,cluster_0,v1,2026-07-08
bacterial,ITA,Haemophilus influenzae,amoxicillin/clavulanate,0.04819277108433734,0.150000000000016,498,True,0,cluster_0,v1,2026-07-08
bacterial,ITA,Haemophilus influenzae,ampicillin,0.17269076305220882,-0.1000000000000136,249,True,0,cluster_0,v1,2026-07-08
bacterial,ITA,Haemophilus influenzae,cefixime,0.03212851405622488,-1.445593372966915e-16,249,True,0,cluster_0,v1,2026-07-08
bacterial,ITA,Haemophilus influenzae,cefotaxime,0.004016064257028112,3.2513311401644105e-17,249,True,0,cluster_0,v1,2026-07-08
bacterial,ITA,Haemophilus influenzae,cefpodoxime,0.03212851405622488,-1.445593372966915e-16,249,True,0,cluster_0,v1,2026-07-08
bacterial,ITA,Haemophilus influenzae,ceftibuten,0.024096385542168662,0.2999999999999728,249,True,0,cluster_0,v1,2026-07-08
bacterial,ITA,Haemophilus influenzae,ceftriaxone,0.004016064257028112,1.1472112390909356e-16,249,True,0,cluster_0,v1,2026-07-08
bacterial,ITA,Haemophilus influenzae,cefuroxime,0.016064257028112438,-7.930396580903765e-19,249,True,0,cluster_0,v1,2026-07-08
bacterial,ITA,Haemophilus influenzae,levofloxacin,0.04016064257028111,-7.930396580903765e-19,249,True,0,cluster_0,v1,2026-07-08
bacterial,ITA,Haemophilus influenzae,moxifloxacin,0.036144578313253,3.2513311401644105e-17,249,True,0,cluster_0,v1,2026-07-08
bacterial,ITA,Haemophilus influenzae,tetracycline,0.004016064257028112,-9.46887499934185e-19,249,True,0,cluster_0,v1,2026-07-08
bacterial,ITA,Streptococcus pneumoniae,cefotaxime,0.05194805194805193,0.4999999999999132,77,True,0,cluster_0,v1,2026-07-08
bacterial,ITA,Streptococcus pneumoniae,cefpodoxime,0.24675324675324675,2.1214456894641083e-16,77,True,0,cluster_0,v1,2026-07-08
bacterial,ITA,Streptococcus pneumoniae,ceftriaxone,0.038961038961038946,2.422047002935777e-16,77,True,0,cluster_0,v1,2026-07-08
bacterial,ITA,Streptococcus pneumoniae,cefuroxime,0.24675324675324675,0.4999999999999128,77,True,0,cluster_0,v1,2026-07-08
bacterial,ITA,Streptococcus pneumoniae,levofloxacin,0.006072874493927124,1.56047317821824e-16,76,True,0,cluster_0,v1,2026-07-08
bacterial,ITA,Streptococcus pneumoniae,penicillin,0.07792207792207789,1.102288865915912e-15,77,True,0,cluster_0,v1,2026-07-08
bacterial,KEN,Streptococcus pneumoniae,levofloxacin,0.0,9.912170526364638e-17,44,True,0,cluster_0,v1,2026-07-08
bacterial,KEN,Streptococcus pneumoniae,moxifloxacin,0.0,-1.4316830053324172e-16,44,True,0,cluster_0,v1,2026-07-08
bacterial,KEN,Streptococcus pneumoniae,penicillin,0.09090909090909091,-2.2094906441490064e-14,44,True,0,cluster_0,v1,2026-07-08
bacterial,KHM,Haemophilus influenzae,amoxicillin/clavulanate,0.10606060606060606,6.862134291239083e-16,30,True,0,cluster_0,v1,2026-07-08
bacterial,KHM,Haemophilus influenzae,cefixime,0.1,0.999999999999184,30,True,0,cluster_0,v1,2026-07-08
bacterial,KHM,Haemophilus influenzae,cefpodoxime,0.06666666666666667,0.9999999999991842,30,True,0,cluster_0,v1,2026-07-08
bacterial,KHM,Haemophilus influenzae,ceftriaxone,0.0,9.521983338450519e-17,30,True,0,cluster_0,v1,2026-07-08
bacterial,KHM,Haemophilus influenzae,cefuroxime,0.06666666666666667,0.999999999999184,30,True,0,cluster_0,v1,2026-07-08
bacterial,KHM,Haemophilus influenzae,moxifloxacin,0.03333333333333333,9.521983338450519e-17,30,True,0,cluster_0,v1,2026-07-08
bacterial,KHM,Streptococcus pneumoniae,levofloxacin,0.0,3.4310671456195414e-16,48,True,0,cluster_0,v1,2026-07-08
bacterial,KHM,Streptococcus pneumoniae,moxifloxacin,0.0,3.7988424461626413e-16,48,True,0,cluster_0,v1,2026-07-08
bacterial,KHM,Streptococcus pneumoniae,trimethoprim/sulfamethoxazole,0.4375,0.9999999999991841,48,True,0,cluster_0,v1,2026-07-08
bacterial,KWT,Haemophilus influenzae,amoxicillin,0.24691358024691354,0.4441106310948138,81,True,0,cluster_0,v1,2026-07-08
bacterial,KWT,Haemophilus influenzae,ampicillin,0.18518518518518517,-0.3647234222634037,81,True,0,cluster_0,v1,2026-07-08
bacterial,KWT,Haemophilus influenzae,cefixime,0.03703703703703702,0.10931094043920361,81,True,0,cluster_0,v1,2026-07-08
bacterial,KWT,Haemophilus influenzae,cefotaxime,0.012345679012345678,0.5000000000000244,79,True,0,cluster_0,v1,2026-07-08
bacterial,KWT,Haemophilus influenzae,cefpodoxime,0.07407407407407406,-0.0500000000000351,81,True,0,cluster_0,v1,2026-07-08
bacterial,KWT,Haemophilus influenzae,ceftibuten,0.06172839506172839,1.0000000000001044,79,True,0,cluster_0,v1,2026-07-08
bacterial,KWT,Haemophilus influenzae,ceftriaxone,0.0,1.0220671786826978,81,True,0,cluster_0,v1,2026-07-08
bacterial,KWT,Haemophilus influenzae,cefuroxime,0.06172839506172835,0.1500000000000136,81,True,0,cluster_0,v1,2026-07-08
bacterial,KWT,Haemophilus influenzae,levofloxacin,0.16049382716049382,0.3813781191217841,81,True,0,cluster_0,v1,2026-07-08
bacterial,KWT,Haemophilus influenzae,moxifloxacin,0.14814814814814814,0.5313781191218108,81,True,0,cluster_0,v1,2026-07-08
bacterial,KWT,Streptococcus pneumoniae,ampicillin,0.30434782608695654,1.2647234222637342,82,True,0,cluster_0,v1,2026-07-08
bacterial,KWT,Streptococcus pneumoniae,cefotaxime,0.15384615384615385,0.7647234222632592,49,True,0,cluster_0,v1,2026-07-08
bacterial,KWT,Streptococcus pneumoniae,ceftriaxone,0.015267175572519076,0.2374012222369456,131,True,0,cluster_0,v1,2026-07-08
bacterial,KWT,Streptococcus pneumoniae,levofloxacin,0.007633587786259538,0.0535714285714342,131,True,0,cluster_0,v1,2026-07-08
bacterial,KWT,Streptococcus pneumoniae,moxifloxacin,0.0,0.1670243238271681,131,True,0,cluster_0,v1,2026-07-08
bacterial,KWT,Streptococcus pneumoniae,penicillin,0.09923664122137404,0.2909726508083702,131,True,0,cluster_0,v1,2026-07-08
bacterial,LBN,Streptococcus pneumoniae,ampicillin,0.0,0.9999999999991827,21,True,0,cluster_0,v1,2026-07-08
bacterial,LBN,Streptococcus pneumoniae,azithromycin,0.0,9.521983338450519e-17,21,True,0,cluster_0,v1,2026-07-08
bacterial,LBN,Streptococcus pneumoniae,cefpodoxime,0.0,0.49999999999959205,21,True,0,cluster_0,v1,2026-07-08
bacterial,LBN,Streptococcus pneumoniae,ceftriaxone,0.0,9.472153665029245e-16,21,True,0,cluster_0,v1,2026-07-08
bacterial,LBN,Streptococcus pneumoniae,clarithromycin,0.0,9.584920347023466e-16,21,True,0,cluster_0,v1,2026-07-08
bacterial,LBN,Streptococcus pneumoniae,erythromycin,0.0,9.584920347023466e-16,21,True,0,cluster_0,v1,2026-07-08
bacterial,LBN,Streptococcus pneumoniae,levofloxacin,0.0,3.4310671456195414e-16,21,True,0,cluster_0,v1,2026-07-08
bacterial,LBN,Streptococcus pneumoniae,moxifloxacin,0.0,3.7988424461626413e-16,21,True,0,cluster_0,v1,2026-07-08
bacterial,LBN,Streptococcus pneumoniae,penicillin,0.0,0.4999999999995913,21,True,0,cluster_0,v1,2026-07-08
bacterial,LBN,Streptococcus pneumoniae,trimethoprim/sulfamethoxazole,0.0,5.0910904627587925e-16,21,True,0,cluster_0,v1,2026-07-08
bacterial,MAR,Haemophilus influenzae,cefixime,0.0,2.7227860557843834e-16,4,True,0,cluster_0,v1,2026-07-08
bacterial,MAR,Haemophilus influenzae,ceftriaxone,0.0,9.521983338450519e-17,4,True,0,cluster_0,v1,2026-07-08
bacterial,MAR,Haemophilus influenzae,levofloxacin,0.0,0.999999999999184,4,True,0,cluster_0,v1,2026-07-08
bacterial,MAR,Haemophilus influenzae,moxifloxacin,0.0,0.999999999999184,4,True,0,cluster_0,v1,2026-07-08
bacterial,MAR,Streptococcus pneumoniae,ampicillin,0.10526315789473684,1.645016912853861e-15,19,True,0,cluster_0,v1,2026-07-08
bacterial,MAR,Streptococcus pneumoniae,azithromycin,0.15789473684210525,9.521983338450519e-17,19,True,0,cluster_0,v1,2026-07-08
bacterial,MAR,Streptococcus pneumoniae,cefpodoxime,0.10526315789473684,9.584920347023466e-16,19,True,0,cluster_0,v1,2026-07-08
bacterial,MAR,Streptococcus pneumoniae,ceftriaxone,0.0,9.472153665029245e-16,19,True,0,cluster_0,v1,2026-07-08
bacterial,MAR,Streptococcus pneumoniae,erythromycin,0.21052631578947367,9.584920347023466e-16,19,True,0,cluster_0,v1,2026-07-08
bacterial,MAR,Streptococcus pneumoniae,levofloxacin,0.10526315789473684,3.4310671456195414e-16,19,True,0,cluster_0,v1,2026-07-08
bacterial,MAR,Streptococcus pneumoniae,penicillin,0.05263157894736842,1.3017088631240077e-15,19,True,0,cluster_0,v1,2026-07-08
bacterial,NGA,Streptococcus pneumoniae,ampicillin,0.0,0.999999999999185,4,True,0,cluster_0,v1,2026-07-08
bacterial,NGA,Streptococcus pneumoniae,azithromycin,0.0,9.521983338450519e-17,4,True,0,cluster_0,v1,2026-07-08
bacterial,NGA,Streptococcus pneumoniae,cefpodoxime,0.0,1.999999999998367,4,True,0,cluster_0,v1,2026-07-08
bacterial,NGA,Streptococcus pneumoniae,ceftriaxone,0.0,2.99999999999755,4,True,0,cluster_0,v1,2026-07-08
bacterial,NGA,Streptococcus pneumoniae,clarithromycin,0.0,9.584920347023466e-16,4,True,0,cluster_0,v1,2026-07-08
bacterial,NGA,Streptococcus pneumoniae,erythromycin,0.0,9.584920347023466e-16,4,True,0,cluster_0,v1,2026-07-08
bacterial,NGA,Streptococcus pneumoniae,levofloxacin,0.0,3.4310671456195414e-16,4,True,0,cluster_0,v1,2026-07-08
bacterial,NGA,Streptococcus pneumoniae,moxifloxacin,0.0,3.7988424461626413e-16,4,True,0,cluster_0,v1,2026-07-08
bacterial,NGA,Streptococcus pneumoniae,penicillin,0.0,2.058893689051888,4,True,0,cluster_0,v1,2026-07-08
bacterial,PAK,Haemophilus influenzae,amoxicillin,0.03703703703703701,-0.0232558139534733,189,True,0,cluster_0,v1,2026-07-08
bacterial,PAK,Haemophilus influenzae,amoxicillin/clavulanate,0.04166666666666665,4.4790238364069095e-17,256,True,0,cluster_0,v1,2026-07-08
bacterial,PAK,Haemophilus influenzae,ampicillin,0.04761904761904758,-0.0123127173145362,189,True,0,cluster_0,v1,2026-07-08
bacterial,PAK,Haemophilus influenzae,cefixime,0.031746031746031696,-0.0232558139534733,189,True,0,cluster_0,v1,2026-07-08
bacterial,PAK,Haemophilus influenzae,cefpodoxime,0.04232804232804229,-0.1511627906976474,189,True,0,cluster_0,v1,2026-07-08
bacterial,PAK,Haemophilus influenzae,ceftriaxone,0.005291005291005252,0.4212897827506582,189,True,0,cluster_0,v1,2026-07-08
bacterial,PAK,Haemophilus influenzae,cefuroxime,0.05291005291005287,0.0813953488371664,189,True,0,cluster_0,v1,2026-07-08
bacterial,PAK,Haemophilus influenzae,tetracycline,0.09333333333333334,1.8129548560249314e-16,67,True,0,cluster_0,v1,2026-07-08
bacterial,PAK,Streptococcus pneumoniae,cefotaxime,0.08695652173913043,-1.4544898802052616e-16,57,True,0,cluster_0,v1,2026-07-08
bacterial,PAK,Streptococcus pneumoniae,cefpodoxime,0.04635761589403972,1.369552225348625e-17,151,True,0,cluster_0,v1,2026-07-08
bacterial,PAK,Streptococcus pneumoniae,ceftriaxone,0.0,-0.1512705270076388,151,True,0,cluster_0,v1,2026-07-08
bacterial,PAK,Streptococcus pneumoniae,cefuroxime,0.039735099337748346,-0.0151270527007688,151,True,0,cluster_0,v1,2026-07-08
bacterial,PAK,Streptococcus pneumoniae,levofloxacin,0.05619047619047618,0.22857142857144433,150,True,0,cluster_0,v1,2026-07-08
bacterial,PAK,Streptococcus pneumoniae,moxifloxacin,0.03311258278145694,0.1714285714285791,151,True,0,cluster_0,v1,2026-07-08
bacterial,PAK,Streptococcus pneumoniae,penicillin,0.006622516556291391,0.211778737810738,151,True,0,cluster_0,v1,2026-07-08
bacterial,PHL,Haemophilus influenzae,ampicillin,0.15254237288135594,7.232567975517281e-16,59,True,0,cluster_0,v1,2026-07-08
bacterial,PHL,Haemophilus influenzae,cefixime,0.01694915254237288,0.999999999999184,59,True,0,cluster_0,v1,2026-07-08
bacterial,PHL,Haemophilus influenzae,ceftriaxone,0.0,9.521983338450519e-17,59,True,0,cluster_0,v1,2026-07-08
bacterial,PHL,Haemophilus influenzae,cefuroxime,0.01694915254237288,6.862134291239083e-16,59,True,0,cluster_0,v1,2026-07-08
bacterial,PHL,Haemophilus influenzae,levofloxacin,0.0,0.999999999999184,59,True,0,cluster_0,v1,2026-07-08
bacterial,PHL,Haemophilus influenzae,moxifloxacin,0.0,9.521983338450519e-17,59,True,0,cluster_0,v1,2026-07-08
bacterial,PHL,Streptococcus pneumoniae,ampicillin,0.0,1.645016912853861e-15,17,True,0,cluster_0,v1,2026-07-08
bacterial,PHL,Streptococcus pneumoniae,azithromycin,0.0,0.9999999999991841,17,True,0,cluster_0,v1,2026-07-08
bacterial,PHL,Streptococcus pneumoniae,cefpodoxime,0.0,9.584920347023466e-16,17,True,0,cluster_0,v1,2026-07-08
bacterial,PHL,Streptococcus pneumoniae,ceftriaxone,0.0,9.472153665029245e-16,17,True,0,cluster_0,v1,2026-07-08
bacterial,PHL,Streptococcus pneumoniae,cefuroxime,0.0,1.3017088631240077e-15,17,True,0,cluster_0,v1,2026-07-08
bacterial,PHL,Streptococcus pneumoniae,clarithromycin,0.0,1.3017088631240077e-15,17,True,0,cluster_0,v1,2026-07-08
bacterial,PHL,Streptococcus pneumoniae,erythromycin,0.0,0.9999999999991843,17,True,0,cluster_0,v1,2026-07-08
bacterial,PHL,Streptococcus pneumoniae,levofloxacin,0.0,3.4310671456195414e-16,17,True,0,cluster_0,v1,2026-07-08
bacterial,PHL,Streptococcus pneumoniae,moxifloxacin,0.0,1.0588936890527043,17,True,0,cluster_0,v1,2026-07-08
bacterial,PHL,Streptococcus pneumoniae,penicillin,0.0,1.3017088631240077e-15,17,True,0,cluster_0,v1,2026-07-08
bacterial,PHL,Streptococcus pneumoniae,trimethoprim/sulfamethoxazole,0.0,5.0910904627587925e-16,17,True,0,cluster_0,v1,2026-07-08
bacterial,ROU,Haemophilus influenzae,amoxicillin,0.18181818181818182,0.0,143,True,0,cluster_0,v1,2026-07-08
bacterial,ROU,Haemophilus influenzae,amoxicillin/clavulanate,0.07947019867549666,-1.3577571263920324e-17,143,True,0,cluster_0,v1,2026-07-08
bacterial,ROU,Haemophilus influenzae,ampicillin,0.1468531468531468,0.0,143,True,0,cluster_0,v1,2026-07-08
bacterial,ROU,Haemophilus influenzae,ceftriaxone,0.0,-5.678363586173618e-16,143,True,0,cluster_0,v1,2026-07-08
bacterial,ROU,Haemophilus influenzae,cefuroxime,0.07692307692307693,-1.3577571263920324e-17,143,True,0,cluster_0,v1,2026-07-08
bacterial,ROU,Haemophilus influenzae,levofloxacin,0.0,-2.7155142527840648e-17,143,True,0,cluster_0,v1,2026-07-08
bacterial,ROU,Haemophilus influenzae,moxifloxacin,0.0,1.9868280075283734e-16,143,True,0,cluster_0,v1,2026-07-08
bacterial,ROU,Streptococcus pneumoniae,ceftriaxone,0.043668122270742314,-1.3577571263920323e-17,229,True,0,cluster_0,v1,2026-07-08
bacterial,ROU,Streptococcus pneumoniae,levofloxacin,0.0,-1.3577571263920323e-17,229,True,0,cluster_0,v1,2026-07-08
bacterial,ROU,Streptococcus pneumoniae,moxifloxacin,0.0,6.012270464206711e-17,229,True,0,cluster_0,v1,2026-07-08
bacterial,RUS,Haemophilus influenzae,amoxicillin,0.18996415770609315,0.0,279,True,0,cluster_0,v1,2026-07-08
bacterial,RUS,Haemophilus influenzae,amoxicillin/clavulanate,0.04591836734693877,-4.70745214257483e-14,279,True,0,cluster_0,v1,2026-07-08
bacterial,RUS,Haemophilus influenzae,ampicillin,0.16129032258064513,-0.2499999999999401,279,True,0,cluster_0,v1,2026-07-08
bacterial,RUS,Haemophilus influenzae,ceftriaxone,0.0,1.8176388659929795e-16,279,True,0,cluster_0,v1,2026-07-08
bacterial,RUS,Haemophilus influenzae,cefuroxime,0.07885304659498205,9.363287425826172e-17,279,True,0,cluster_0,v1,2026-07-08
bacterial,RUS,Haemophilus influenzae,levofloxacin,0.014336917562724014,1.8726574851652344e-16,279,True,0,cluster_0,v1,2026-07-08
bacterial,RUS,Haemophilus influenzae,moxifloxacin,0.014336917562724014,4.163054041024911e-16,279,True,0,cluster_0,v1,2026-07-08
bacterial,RUS,Streptococcus pneumoniae,ampicillin,0.07380964440545812,1.5294468445265654,237,True,0,cluster_0,v1,2026-07-08
bacterial,RUS,Streptococcus pneumoniae,ceftriaxone,0.03942652329749101,1.264723422263211,279,True,0,cluster_0,v1,2026-07-08
bacterial,RUS,Streptococcus pneumoniae,cefuroxime,0.1505376344086021,0.5294468445267088,279,True,0,cluster_0,v1,2026-07-08
bacterial,RUS,Streptococcus pneumoniae,levofloxacin,0.0,9.363287425826172e-17,279,True,0,cluster_0,v1,2026-07-08
bacterial,RUS,Streptococcus pneumoniae,moxifloxacin,0.0,3.2944136235912686e-18,279,True,0,cluster_0,v1,2026-07-08
bacterial,RUS,Streptococcus pneumoniae,penicillin,0.06810035842293906,1.0294468445266367,279,True,0,cluster_0,v1,2026-07-08
bacterial,RUS,Streptococcus pneumoniae,trimethoprim/sulfamethoxazole,0.1935483870967742,1.8726574851652344e-16,279,True,0,cluster_0,v1,2026-07-08
bacterial,SAU,Haemophilus influenzae,amoxicillin,0.10909090909090909,0.2500000000000221,55,True,0,cluster_0,v1,2026-07-08
bacterial,SAU,Haemophilus influenzae,amoxicillin/clavulanate,0.16417910447761194,0.2500000000000221,55,True,0,cluster_0,v1,2026-07-08
bacterial,SAU,Haemophilus influenzae,ampicillin,0.12727272727272726,0.7647234222634599,55,True,0,cluster_0,v1,2026-07-08
bacterial,SAU,Haemophilus influenzae,cefixime,0.03636363636363636,-3.358260837567078e-17,55,True,0,cluster_0,v1,2026-07-08
bacterial,SAU,Haemophilus influenzae,cefpodoxime,0.01818181818181818,-1.4027731426452264e-16,55,True,0,cluster_0,v1,2026-07-08
bacterial,SAU,Haemophilus influenzae,ceftriaxone,0.03636363636363636,-1.4027731426452264e-16,55,True,0,cluster_0,v1,2026-07-08
bacterial,SAU,Haemophilus influenzae,cefuroxime,0.09090909090909091,-2.12727171617452e-16,55,True,0,cluster_0,v1,2026-07-08
bacterial,SAU,Haemophilus influenzae,levofloxacin,0.07272727272727272,-1.06363585808726e-16,55,True,0,cluster_0,v1,2026-07-08
bacterial,SAU,Haemophilus influenzae,moxifloxacin,0.07272727272727272,0.2499999999998713,55,True,0,cluster_0,v1,2026-07-08
bacterial,SAU,Streptococcus pneumoniae,levofloxacin,0.0,-1.0636358580872601e-16,36,True,0,cluster_0,v1,2026-07-08
bacterial,SAU,Streptococcus pneumoniae,moxifloxacin,0.0,-2.1221791496444863e-16,36,True,0,cluster_0,v1,2026-07-08
bacterial,SAU,Streptococcus pneumoniae,penicillin,0.1111111111111111,3.84200746492475e-13,36,True,0,cluster_0,v1,2026-07-08
bacterial,SGP,Haemophilus influenzae,cefpodoxime,0.09999999999999998,3.798842446162642e-16,80,True,0,cluster_0,v1,2026-07-08
bacterial,SGP,Haemophilus influenzae,ceftriaxone,0.012499999999999995,9.521983338450519e-17,80,True,0,cluster_0,v1,2026-07-08
bacterial,SGP,Haemophilus influenzae,levofloxacin,0.04999999999999999,6.862134291239083e-16,80,True,0,cluster_0,v1,2026-07-08
bacterial,SGP,Haemophilus influenzae,moxifloxacin,0.04999999999999999,9.521983338450519e-17,80,True,0,cluster_0,v1,2026-07-08
bacterial,SGP,Streptococcus pneumoniae,levofloxacin,0.0,3.4310671456195414e-16,34,True,0,cluster_0,v1,2026-07-08
bacterial,SGP,Streptococcus pneumoniae,moxifloxacin,0.0,3.7988424461626413e-16,34,True,0,cluster_0,v1,2026-07-08
bacterial,SRB,Streptococcus pneumoniae,levofloxacin,0.0,8.701674780882066e-18,87,True,0,cluster_0,v1,2026-07-08
bacterial,SRB,Streptococcus pneumoniae,moxifloxacin,0.0,-1.3940729939134096e-16,87,True,0,cluster_0,v1,2026-07-08
bacterial,SVK,Haemophilus influenzae,amoxicillin,0.13265306122448978,0.0,98,True,0,cluster_0,v1,2026-07-08
bacterial,SVK,Haemophilus influenzae,amoxicillin/clavulanate,0.11818181818181817,-2.7155142527840648e-17,98,True,0,cluster_0,v1,2026-07-08
bacterial,SVK,Haemophilus influenzae,ampicillin,0.13265306122448978,-2.7155142527840648e-17,98,True,0,cluster_0,v1,2026-07-08
bacterial,SVK,Haemophilus influenzae,ceftriaxone,0.03061224489795918,-5.678363586173618e-16,98,True,0,cluster_0,v1,2026-07-08
bacterial,SVK,Haemophilus influenzae,cefuroxime,0.09183673469387753,-2.7155142527840648e-17,98,True,0,cluster_0,v1,2026-07-08
bacterial,SVK,Haemophilus influenzae,levofloxacin,0.0,0.9068905956088407,98,True,0,cluster_0,v1,2026-07-08
bacterial,SVK,Haemophilus influenzae,moxifloxacin,0.0,1.9868280075283734e-16,98,True,0,cluster_0,v1,2026-07-08
bacterial,SVK,Haemophilus influenzae,trimethoprim/sulfamethoxazole,0.22448979591836735,-2.7155142527840648e-17,98,True,0,cluster_0,v1,2026-07-08
bacterial,SVK,Streptococcus pneumoniae,levofloxacin,0.0,-1.3577571263920324e-17,95,True,0,cluster_0,v1,2026-07-08
bacterial,SVK,Streptococcus pneumoniae,moxifloxacin,0.0,6.012270464206711e-17,95,True,0,cluster_0,v1,2026-07-08
bacterial,TUN,Haemophilus influenzae,amoxicillin/clavulanate,0.0874439461883408,-0.03497216069891644,216,True,0,cluster_0,v1,2026-07-08
bacterial,TUN,Haemophilus influenzae,cefixime,0.10344827586206896,7.936897994161967e-17,145,True,0,cluster_0,v1,2026-07-08
bacterial,TUN,Haemophilus influenzae,cefotaxime,0.0833333333333333,0.4376830273166543,71,True,0,cluster_0,v1,2026-07-08
bacterial,TUN,Haemophilus influenzae,cefpodoxime,0.05517241379310343,-0.22093023255810737,145,True,0,cluster_0,v1,2026-07-08
bacterial,TUN,Haemophilus influenzae,ceftibuten,0.10897435897435895,-7.108441697850504e-17,71,True,0,cluster_0,v1,2026-07-08
bacterial,TUN,Haemophilus influenzae,ceftriaxone,0.020689655172413793,0.4445455967041317,145,True,0,cluster_0,v1,2026-07-08
bacterial,TUN,Haemophilus influenzae,cefuroxime,0.041379310344827565,-3.600510656959534e-18,145,True,0,cluster_0,v1,2026-07-08
bacterial,TUN,Haemophilus influenzae,levofloxacin,0.11724137931034483,0.22093023255810754,145,True,0,cluster_0,v1,2026-07-08
bacterial,TUN,Haemophilus influenzae,moxifloxacin,0.1103448275862069,0.0813953488371664,145,True,0,cluster_0,v1,2026-07-08
bacterial,TUN,Haemophilus influenzae,tetracycline,0.04487179487179487,1.8129548560249314e-16,71,True,0,cluster_0,v1,2026-07-08
bacterial,TUN,Streptococcus pneumoniae,ceftriaxone,0.0,0.0935335011742359,137,True,0,cluster_0,v1,2026-07-08
bacterial,TUN,Streptococcus pneumoniae,levofloxacin,0.0202469135802469,1.2968669909014096e-17,135,True,0,cluster_0,v1,2026-07-08
bacterial,TUN,Streptococcus pneumoniae,moxifloxacin,0.007299270072992693,0.0590062111801149,137,True,0,cluster_0,v1,2026-07-08
bacterial,TUN,Streptococcus pneumoniae,penicillin,0.08029197080291971,0.1463285322301242,137,True,0,cluster_0,v1,2026-07-08
bacterial,TUN,Streptococcus pneumoniae,trimethoprim/sulfamethoxazole,0.23357664233576642,-0.130434782608683,137,True,0,cluster_0,v1,2026-07-08
bacterial,TUR,Haemophilus influenzae,amoxicillin,0.13176895306859204,-0.0142857142857038,554,True,0,cluster_0,v1,2026-07-08
bacterial,TUR,Haemophilus influenzae,amoxicillin/clavulanate,0.07363013698630133,-0.054824921913503626,869,True,0,cluster_0,v1,2026-07-08
bacterial,TUR,Haemophilus influenzae,ampicillin,0.1389891696750902,-0.185714285714283,554,True,0,cluster_0,v1,2026-07-08
bacterial,TUR,Haemophilus influenzae,cefixime,0.052346570397111866,5.573793794791278e-17,554,True,0,cluster_0,v1,2026-07-08
bacterial,TUR,Haemophilus influenzae,cefotaxime,0.017080745341614873,-0.1499999999998735,315,True,0,cluster_0,v1,2026-07-08
bacterial,TUR,Haemophilus influenzae,cefpodoxime,0.08122743682310467,-0.1428571428571365,554,True,0,cluster_0,v1,2026-07-08
bacterial,TUR,Haemophilus influenzae,ceftibuten,0.05745341614906828,3.198406985571066e-17,315,True,0,cluster_0,v1,2026-07-08
bacterial,TUR,Haemophilus influenzae,ceftriaxone,0.005415162454873638,0.407289278996263,554,True,0,cluster_0,v1,2026-07-08
bacterial,TUR,Haemophilus influenzae,cefuroxime,0.05415162454873642,0.057142857142893,554,True,0,cluster_0,v1,2026-07-08
bacterial,TUR,Haemophilus influenzae,levofloxacin,0.08122743682310467,2.7391044506972497e-17,554,True,0,cluster_0,v1,2026-07-08
bacterial,TUR,Haemophilus influenzae,moxifloxacin,0.07400722021660645,1.1420797099031042e-16,554,True,0,cluster_0,v1,2026-07-08
bacterial,TUR,Haemophilus influenzae,tetracycline,0.023291925465838442,-9.46887499934185e-19,315,True,0,cluster_0,v1,2026-07-08
bacterial,TUR,Streptococcus pneumoniae,cefotaxime,0.06774193548387097,1.123557475621647,142,True,0,cluster_0,v1,2026-07-08
bacterial,TUR,Streptococcus pneumoniae,ceftriaxone,0.012461059190031133,0.20484195557907162,321,True,0,cluster_0,v1,2026-07-08
bacterial,TUR,Streptococcus pneumoniae,levofloxacin,0.015576323987538918,5.238576003110741e-16,321,True,0,cluster_0,v1,2026-07-08
bacterial,TUR,Streptococcus pneumoniae,moxifloxacin,0.009345794392523345,0.0178571428571461,321,True,0,cluster_0,v1,2026-07-08
bacterial,TUR,Streptococcus pneumoniae,penicillin,0.16510903426791276,0.2174407333421494,321,True,0,cluster_0,v1,2026-07-08
bacterial,UKR,Haemophilus influenzae,amoxicillin,0.10332103321033208,0.3988095238094697,271,True,0,cluster_0,v1,2026-07-08
bacterial,UKR,Haemophilus influenzae,amoxicillin/clavulanate,0.040502793296089384,0.08305201042951744,347,True,0,cluster_0,v1,2026-07-08
bacterial,UKR,Haemophilus influenzae,ampicillin,0.07749077490774904,0.1649209777895431,271,True,0,cluster_0,v1,2026-07-08
bacterial,UKR,Haemophilus influenzae,cefixime,0.05065618448637314,-0.0285714285714355,175,True,0,cluster_0,v1,2026-07-08
bacterial,UKR,Haemophilus influenzae,cefotaxime,0.06321839080459771,-2.406586595485401e-16,76,True,0,cluster_0,v1,2026-07-08
bacterial,UKR,Haemophilus influenzae,cefpodoxime,0.029272536687631023,-0.3142857142857089,175,True,0,cluster_0,v1,2026-07-08
bacterial,UKR,Haemophilus influenzae,ceftibuten,0.0747126436781609,-0.299999999999973,76,True,0,cluster_0,v1,2026-07-08
bacterial,UKR,Haemophilus influenzae,ceftriaxone,0.0,0.5179791610681971,271,True,0,cluster_0,v1,2026-07-08
bacterial,UKR,Haemophilus influenzae,cefuroxime,0.051660516605166025,0.2261904761904706,271,True,0,cluster_0,v1,2026-07-08
bacterial,UKR,Haemophilus influenzae,levofloxacin,0.011070110701107,8.257085622413067e-17,271,True,0,cluster_0,v1,2026-07-08
bacterial,UKR,Haemophilus influenzae,moxifloxacin,0.007380073800738002,-0.0833333333333112,271,True,0,cluster_0,v1,2026-07-08
bacterial,UKR,Haemophilus influenzae,tetracycline,0.06321839080459771,-0.2999999999999729,76,True,0,cluster_0,v1,2026-07-08
bacterial,UKR,Streptococcus pneumoniae,ampicillin,0.09132816257816256,-0.14999999999995,167,True,0,cluster_0,v1,2026-07-08
bacterial,UKR,Streptococcus pneumoniae,azithromycin,0.19834710743801653,0.2174657534246828,242,True,0,cluster_0,v1,2026-07-08
bacterial,UKR,Streptococcus pneumoniae,cefotaxime,0.1,0.4999999999999136,64,True,0,cluster_0,v1,2026-07-08
bacterial,UKR,Streptococcus pneumoniae,cefpodoxime,0.16965181617499497,-0.0232558139534954,142,True,0,cluster_0,v1,2026-07-08
bacterial,UKR,Streptococcus pneumoniae,ceftriaxone,0.0,0.0359589041095936,242,True,0,cluster_0,v1,2026-07-08
bacterial,UKR,Streptococcus pneumoniae,cefuroxime,0.1239669421487603,0.3167808219178412,242,True,0,cluster_0,v1,2026-07-08
bacterial,UKR,Streptococcus pneumoniae,clarithromycin,0.19008264462809918,-0.0547945205479424,242,True,0,cluster_0,v1,2026-07-08
bacterial,UKR,Streptococcus pneumoniae,doxycycline,0.2625,0.5147234222634655,64,True,0,cluster_0,v1,2026-07-08
bacterial,UKR,Streptococcus pneumoniae,erythromycin,0.2066115702479339,0.0428082191780887,242,True,0,cluster_0,v1,2026-07-08
bacterial,UKR,Streptococcus pneumoniae,levofloxacin,0.0,0.0428082191780888,242,True,0,cluster_0,v1,2026-07-08
bacterial,UKR,Streptococcus pneumoniae,moxifloxacin,0.0,0.0856164383561775,242,True,0,cluster_0,v1,2026-07-08
bacterial,UKR,Streptococcus pneumoniae,penicillin,0.024793388429752063,0.265410958904138,242,True,0,cluster_0,v1,2026-07-08
bacterial,UKR,Streptococcus pneumoniae,tetracycline,0.3125,1.2647234222633832,64,True,0,cluster_0,v1,2026-07-08
bacterial,UKR,Streptococcus pneumoniae,trimethoprim/sulfamethoxazole,0.2024793388429752,-0.107880796965472,242,True,0,cluster_0,v1,2026-07-08
bacterial,VNM,Haemophilus influenzae,levofloxacin,0.45357142857142857,1.874846133373308,280,True,0,cluster_0,v1,2026-07-08
bacterial,VNM,Haemophilus influenzae,moxifloxacin,0.4035714285714286,1.40972985430362,280,True,0,cluster_0,v1,2026-07-08
bacterial,VNM,Haemophilus influenzae,tetracycline,0.18407960199004972,1.4460813083437992e-16,191,True,0,cluster_0,v1,2026-07-08
bacterial,VNM,Streptococcus pneumoniae,cefotaxime,0.10509554140127389,4.8217883730901625e-17,144,True,0,cluster_0,v1,2026-07-08
bacterial,VNM,Streptococcus pneumoniae,ceftriaxone,0.09508196721311474,0.0465116279070075,305,True,0,cluster_0,v1,2026-07-08
bacterial,VNM,Streptococcus pneumoniae,levofloxacin,0.07549504950495046,-1.800255328479767e-18,303,True,0,cluster_0,v1,2026-07-08
bacterial,VNM,Streptococcus pneumoniae,moxifloxacin,0.06557377049180327,4.654544612342706e-17,305,True,0,cluster_0,v1,2026-07-08
bacterial,BGR,Haemophilus influenzae,trimethoprim/sulfamethoxazole,0.4383561643835616,2.9999999999986917,73,True,1,cluster_1,v1,2026-07-08
bacterial,CHL,Haemophilus influenzae,ampicillin,0.1818181818181818,3.000000000000106,77,True,1,cluster_1,v1,2026-07-08
bacterial,ITA,Streptococcus pneumoniae,azithromycin,0.4805194805194805,3.5294468445263782,77,True,1,cluster_1,v1,2026-07-08
bacterial,ITA,Streptococcus pneumoniae,clarithromycin,0.44155844155844154,4.529446844526415,77,True,1,cluster_1,v1,2026-07-08
bacterial,ITA,Streptococcus pneumoniae,doxycycline,0.2987012987012987,2.529446844526772,77,True,1,cluster_1,v1,2026-07-08
bacterial,ITA,Streptococcus pneumoniae,erythromycin,0.4675324675324675,4.0294468445263965,77,True,1,cluster_1,v1,2026-07-08
bacterial,ITA,Streptococcus pneumoniae,tetracycline,0.35064935064935066,2.529446844526765,77,True,1,cluster_1,v1,2026-07-08
bacterial,KHM,Haemophilus influenzae,trimethoprim/sulfamethoxazole,0.5333333333333333,5.058893689049439,30,True,1,cluster_1,v1,2026-07-08
bacterial,KWT,Haemophilus influenzae,trimethoprim/sulfamethoxazole,0.4444444444444444,3.067668106716419,81,True,1,cluster_1,v1,2026-07-08
bacterial,NGA,Streptococcus pneumoniae,cefuroxime,0.25,2.999999999997552,4,True,1,cluster_1,v1,2026-07-08
bacterial,NGA,Streptococcus pneumoniae,trimethoprim/sulfamethoxazole,0.5,2.999999999997552,4,True,1,cluster_1,v1,2026-07-08
bacterial,ARE,Haemophilus influenzae,levofloxacin,0.29411764705882354,9.643576746180324e-17,34,True,2,cluster_2,v1,2026-07-08
bacterial,ARE,Haemophilus influenzae,trimethoprim/sulfamethoxazole,0.47058823529411764,0.0,34,True,2,cluster_2,v1,2026-07-08
bacterial,ARE,Streptococcus pneumoniae,cefaclor,0.8367346938775511,-1.4460813083437992e-16,49,True,2,cluster_2,v1,2026-07-08
bacterial,ARE,Streptococcus pneumoniae,cefpodoxime,0.30612244897959184,4.8217883730901625e-17,49,True,2,cluster_2,v1,2026-07-08
bacterial,ARE,Streptococcus pneumoniae,cefuroxime,0.30612244897959184,9.643576746180325e-17,49,True,2,cluster_2,v1,2026-07-08
bacterial,ARE,Streptococcus pneumoniae,doxycycline,0.3877551020408163,2.191201370538162e-16,49,True,2,cluster_2,v1,2026-07-08
bacterial,ARG,Streptococcus pneumoniae,cefaclor,0.6526315789473685,1.06363585808726e-16,95,True,2,cluster_2,v1,2026-07-08
bacterial,BGR,Streptococcus pneumoniae,cefaclor,0.9085365853658537,-9.363287425826173e-17,164,True,2,cluster_2,v1,2026-07-08
bacterial,CHL,Streptococcus pneumoniae,cefaclor,0.821917808219178,-0.7500000000000664,73,True,2,cluster_2,v1,2026-07-08
bacterial,CRI,Haemophilus influenzae,ampicillin,0.28846153846153844,-0.49999999999959155,52,True,2,cluster_2,v1,2026-07-08
bacterial,CRI,Haemophilus influenzae,trimethoprim/sulfamethoxazole,0.40384615384615385,-0.529446844526352,52,True,2,cluster_2,v1,2026-07-08
bacterial,CZE,Streptococcus pneumoniae,cefaclor,0.75,-8.701674780882066e-18,200,True,2,cluster_2,v1,2026-07-08
bacterial,ESP,Haemophilus influenzae,trimethoprim/sulfamethoxazole,0.3018181818181818,-3.1307950311944516e-14,275,True,2,cluster_2,v1,2026-07-08
bacterial,ESP,Streptococcus pneumoniae,cefaclor,0.4034090909090909,-0.1500000000000457,176,True,2,cluster_2,v1,2026-07-08
bacterial,GRC,Streptococcus pneumoniae,cefaclor,0.898989898989899,-0.2499999999999878,99,True,2,cluster_2,v1,2026-07-08
bacterial,HRV,Streptococcus pneumoniae,azithromycin,0.44086021505376344,-0.5294468445266584,93,True,2,cluster_2,v1,2026-07-08
bacterial,HRV,Streptococcus pneumoniae,cefaclor,0.8387096774193549,-0.999999999999762,93,True,2,cluster_2,v1,2026-07-08
bacterial,HRV,Streptococcus pneumoniae,clarithromycin,0.44086021505376344,-0.4999999999999284,93,True,2,cluster_2,v1,2026-07-08
bacterial,HRV,Streptococcus pneumoniae,erythromycin,0.44086021505376344,3.694377175750548e-16,93,True,2,cluster_2,v1,2026-07-08
bacterial,IND,Haemophilus influenzae,levofloxacin,0.7660818713450293,-1.3626396448717261e-16,171,True,2,cluster_2,v1,2026-07-08
bacterial,IND,Haemophilus influenzae,moxifloxacin,0.7017543859649122,1.3134805812957541e-17,171,True,2,cluster_2,v1,2026-07-08
bacterial,IND,Haemophilus influenzae,trimethoprim/sulfamethoxazole,0.7368421052631579,-0.1785714285714155,171,True,2,cluster_2,v1,2026-07-08
bacterial,IND,Streptococcus pneumoniae,azithromycin,0.6892655367231638,-0.107142857142721,177,True,2,cluster_2,v1,2026-07-08
bacterial,IND,Streptococcus pneumoniae,cefaclor,0.7231638418079096,0.42857142857143415,177,True,2,cluster_2,v1,2026-07-08
bacterial,IND,Streptococcus pneumoniae,cefpodoxime,0.3559322033898305,0.5756352635038962,177,True,2,cluster_2,v1,2026-07-08
bacterial,IND,Streptococcus pneumoniae,cefuroxime,0.3672316384180791,0.2899209777896674,177,True,2,cluster_2,v1,2026-07-08
bacterial,IND,Streptococcus pneumoniae,clarithromycin,0.6610169491525424,-0.0693252253907913,177,True,2,cluster_2,v1,2026-07-08
bacterial,IND,Streptococcus pneumoniae,doxycycline,0.6384180790960452,6.56740290647877e-18,177,True,2,cluster_2,v1,2026-07-08
bacterial,IND,Streptococcus pneumoniae,erythromycin,0.6892655367231638,-0.2121823682479056,177,True,2,cluster_2,v1,2026-07-08
bacterial,IND,Streptococcus pneumoniae,tetracycline,0.711864406779661,6.56740290647877e-18,177,True,2,cluster_2,v1,2026-07-08
bacterial,IND,Streptococcus pneumoniae,trimethoprim/sulfamethoxazole,0.6836158192090396,0.1428571428572056,177,True,2,cluster_2,v1,2026-07-08
bacterial,ITA,Haemophilus influenzae,trimethoprim/sulfamethoxazole,0.2730923694779116,-4.1148474460674423e-16,249,True,2,cluster_2,v1,2026-07-08
bacterial,ITA,Streptococcus pneumoniae,cefaclor,0.5194805194805194,-0.5000000000000184,77,True,2,cluster_2,v1,2026-07-08
bacterial,ITA,Streptococcus pneumoniae,trimethoprim/sulfamethoxazole,0.2987012987012987,-1.0543477418661269e-13,77,True,2,cluster_2,v1,2026-07-08
bacterial,KEN,Streptococcus pneumoniae,azithromycin,0.38636363636363635,-0.2500000000001062,44,True,2,cluster_2,v1,2026-07-08
bacterial,KEN,Streptococcus pneumoniae,cefaclor,0.9545454545454546,-0.2500000000000177,44,True,2,cluster_2,v1,2026-07-08
bacterial,KEN,Streptococcus pneumoniae,cefpodoxime,0.4772727272727273,-0.2499999999999961,44,True,2,cluster_2,v1,2026-07-08
bacterial,KEN,Streptococcus pneumoniae,cefuroxime,0.45454545454545453,-4.34044269723372e-14,44,True,2,cluster_2,v1,2026-07-08
bacterial,KEN,Streptococcus pneumoniae,clarithromycin,0.3409090909090909,-1.0988964587224228e-13,44,True,2,cluster_2,v1,2026-07-08
bacterial,KEN,Streptococcus pneumoniae,erythromycin,0.36363636363636365,-0.5000000000000586,44,True,2,cluster_2,v1,2026-07-08
bacterial,KEN,Streptococcus pneumoniae,trimethoprim/sulfamethoxazole,0.9090909090909091,0.24999999999995282,44,True,2,cluster_2,v1,2026-07-08
bacterial,KWT,Streptococcus pneumoniae,azithromycin,0.6106870229007634,-0.3056747746090527,131,True,2,cluster_2,v1,2026-07-08
bacterial,KWT,Streptococcus pneumoniae,cefaclor,0.8549618320610687,0.5357142857142997,131,True,2,cluster_2,v1,2026-07-08
bacterial,KWT,Streptococcus pneumoniae,cefpodoxime,0.3969465648854962,0.2689088158759697,131,True,2,cluster_2,v1,2026-07-08
bacterial,KWT,Streptococcus pneumoniae,cefuroxime,0.4122137404580153,0.5010516730188628,131,True,2,cluster_2,v1,2026-07-08
bacterial,KWT,Streptococcus pneumoniae,clarithromycin,0.6030534351145038,-0.4453768984097567,131,True,2,cluster_2,v1,2026-07-08
bacterial,KWT,Streptococcus pneumoniae,erythromycin,0.6183206106870229,-0.2489483269811815,131,True,2,cluster_2,v1,2026-07-08
bacterial,KWT,Streptococcus pneumoniae,tetracycline,0.47692307692307695,-0.7352765777369026,49,True,2,cluster_2,v1,2026-07-08
bacterial,KWT,Streptococcus pneumoniae,trimethoprim/sulfamethoxazole,0.3511450381679389,-0.12499999999997422,131,True,2,cluster_2,v1,2026-07-08
bacterial,LBN,Streptococcus pneumoniae,cefuroxime,0.2857142857142857,6.862134291239083e-16,21,True,2,cluster_2,v1,2026-07-08
bacterial,NGA,Streptococcus pneumoniae,cefaclor,0.75,0.9999999999991834,4,True,2,cluster_2,v1,2026-07-08
bacterial,PAK,Haemophilus influenzae,levofloxacin,0.5873015873015873,0.467520049635413,189,True,2,cluster_2,v1,2026-07-08
bacterial,PAK,Haemophilus influenzae,moxifloxacin,0.5767195767195767,0.4871272450863697,189,True,2,cluster_2,v1,2026-07-08
bacterial,PAK,Haemophilus influenzae,trimethoprim/sulfamethoxazole,0.6666666666666666,-0.5174418604649991,189,True,2,cluster_2,v1,2026-07-08
bacterial,PAK,Streptococcus pneumoniae,azithromycin,0.6688741721854304,0.0857142857143367,151,True,2,cluster_2,v1,2026-07-08
bacterial,PAK,Streptococcus pneumoniae,cefaclor,0.8609271523178808,0.3428571428571525,151,True,2,cluster_2,v1,2026-07-08
bacterial,PAK,Streptococcus pneumoniae,clarithromycin,0.6423841059602649,0.1714285714286371,151,True,2,cluster_2,v1,2026-07-08
bacterial,PAK,Streptococcus pneumoniae,doxycycline,0.5362318840579711,-0.1000000000000727,57,True,2,cluster_2,v1,2026-07-08
bacterial,PAK,Streptococcus pneumoniae,erythromycin,0.6556291390728477,0.1857142857143408,151,True,2,cluster_2,v1,2026-07-08
bacterial,PAK,Streptococcus pneumoniae,tetracycline,0.6376811594202898,3.9651982904518823e-19,57,True,2,cluster_2,v1,2026-07-08
bacterial,PAK,Streptococcus pneumoniae,trimethoprim/sulfamethoxazole,0.7814569536423841,-0.0142857142857038,151,True,2,cluster_2,v1,2026-07-08
bacterial,PHL,Streptococcus pneumoniae,cefaclor,0.35294117647058826,0.0,17,True,2,cluster_2,v1,2026-07-08
bacterial,ROU,Haemophilus influenzae,trimethoprim/sulfamethoxazole,0.2867132867132867,-0.5294468445269724,143,True,2,cluster_2,v1,2026-07-08
bacterial,ROU,Streptococcus pneumoniae,ampicillin,0.28870527322140227,-1.3577571263920323e-17,91,True,2,cluster_2,v1,2026-07-08
bacterial,ROU,Streptococcus pneumoniae,azithromycin,0.7292576419213974,2.7155142527840645e-17,229,True,2,cluster_2,v1,2026-07-08
bacterial,ROU,Streptococcus pneumoniae,cefaclor,0.9388646288209607,-2.1928431865826563e-16,229,True,2,cluster_2,v1,2026-07-08
bacterial,ROU,Streptococcus pneumoniae,cefuroxime,0.5676855895196506,1.3577571263920323e-17,229,True,2,cluster_2,v1,2026-07-08
bacterial,ROU,Streptococcus pneumoniae,clarithromycin,0.7248908296943232,1.3577571263920323e-17,229,True,2,cluster_2,v1,2026-07-08
bacterial,ROU,Streptococcus pneumoniae,erythromycin,0.7205240174672489,0.0,229,True,2,cluster_2,v1,2026-07-08
bacterial,ROU,Streptococcus pneumoniae,trimethoprim/sulfamethoxazole,0.5633187772925764,0.0,229,True,2,cluster_2,v1,2026-07-08
bacterial,RUS,Haemophilus influenzae,trimethoprim/sulfamethoxazole,0.35842293906810035,1.8726574851652344e-16,279,True,2,cluster_2,v1,2026-07-08
bacterial,RUS,Streptococcus pneumoniae,azithromycin,0.3118279569892473,-0.2647234222633042,279,True,2,cluster_2,v1,2026-07-08
bacterial,RUS,Streptococcus pneumoniae,cefaclor,0.7849462365591398,0.24999999999996408,279,True,2,cluster_2,v1,2026-07-08
bacterial,RUS,Streptococcus pneumoniae,clarithromycin,0.3118279569892473,-0.24999999999991612,279,True,2,cluster_2,v1,2026-07-08
bacterial,RUS,Streptococcus pneumoniae,erythromycin,0.3118279569892473,3.694377175750548e-16,279,True,2,cluster_2,v1,2026-07-08
bacterial,SAU,Streptococcus pneumoniae,cefaclor,0.75,-1.0000000000001636,36,True,2,cluster_2,v1,2026-07-08
bacterial,SAU,Streptococcus pneumoniae,cefuroxime,0.3611111111111111,3.011925618664722e-13,36,True,2,cluster_2,v1,2026-07-08
bacterial,SAU,Streptococcus pneumoniae,trimethoprim/sulfamethoxazole,0.2777777777777778,-3.8062331467734856e-17,36,True,2,cluster_2,v1,2026-07-08
bacterial,SGP,Haemophilus influenzae,amoxicillin,0.4375,0.0,80,True,2,cluster_2,v1,2026-07-08
bacterial,SGP,Haemophilus influenzae,ampicillin,0.3875,0.0,80,True,2,cluster_2,v1,2026-07-08
bacterial,SGP,Streptococcus pneumoniae,cefaclor,0.8235294117647058,-1.999999999998367,34,True,2,cluster_2,v1,2026-07-08
bacterial,SRB,Streptococcus pneumoniae,ampicillin,0.2885029444239971,8.701674780882066e-18,35,True,2,cluster_2,v1,2026-07-08
bacterial,SRB,Streptococcus pneumoniae,azithromycin,0.6551724137931034,-1.7403349561764133e-17,87,True,2,cluster_2,v1,2026-07-08
bacterial,SRB,Streptococcus pneumoniae,cefaclor,0.9310344827586207,2.3381867614626554e-16,87,True,2,cluster_2,v1,2026-07-08
bacterial,SRB,Streptococcus pneumoniae,clarithromycin,0.6551724137931034,-8.701674780882066e-18,87,True,2,cluster_2,v1,2026-07-08
bacterial,SRB,Streptococcus pneumoniae,erythromycin,0.6551724137931034,0.0,87,True,2,cluster_2,v1,2026-07-08
bacterial,SVK,Streptococcus pneumoniae,azithromycin,0.5578947368421052,2.7155142527840648e-17,95,True,2,cluster_2,v1,2026-07-08
bacterial,SVK,Streptococcus pneumoniae,cefaclor,0.9368421052631579,-2.0000000000007114,95,True,2,cluster_2,v1,2026-07-08
bacterial,SVK,Streptococcus pneumoniae,clarithromycin,0.5578947368421052,1.3577571263920324e-17,95,True,2,cluster_2,v1,2026-07-08
bacterial,SVK,Streptococcus pneumoniae,erythromycin,0.5578947368421052,0.0,95,True,2,cluster_2,v1,2026-07-08
bacterial,TUN,Haemophilus influenzae,amoxicillin,0.35172413793103446,-0.0348837209302707,145,True,2,cluster_2,v1,2026-07-08
bacterial,TUN,Haemophilus influenzae,ampicillin,0.3724137931034483,-0.2657367690037552,145,True,2,cluster_2,v1,2026-07-08
bacterial,TUN,Haemophilus influenzae,trimethoprim/sulfamethoxazole,0.3310344827586207,0.6874300010698283,145,True,2,cluster_2,v1,2026-07-08
bacterial,TUN,Streptococcus pneumoniae,ampicillin,0.5053763440860215,0.2500000000001726,79,True,2,cluster_2,v1,2026-07-08
bacterial,TUN,Streptococcus pneumoniae,azithromycin,0.6934306569343066,1.1103454531532035,137,True,2,cluster_2,v1,2026-07-08
bacterial,TUN,Streptococcus pneumoniae,cefaclor,0.8323529411764706,0.6211180124222678,136,True,2,cluster_2,v1,2026-07-08
bacterial,TUN,Streptococcus pneumoniae,cefpodoxime,0.6277372262773723,0.2239682837829189,137,True,2,cluster_2,v1,2026-07-08
bacterial,TUN,Streptococcus pneumoniae,cefuroxime,0.6642335766423357,0.3264527558326027,137,True,2,cluster_2,v1,2026-07-08
bacterial,TUN,Streptococcus pneumoniae,clarithromycin,0.6788321167883211,1.2283578755134332,137,True,2,cluster_2,v1,2026-07-08
bacterial,TUN,Streptococcus pneumoniae,doxycycline,0.2916666666666667,-0.3571428571428311,58,True,2,cluster_2,v1,2026-07-08
bacterial,TUN,Streptococcus pneumoniae,erythromycin,0.6934306569343066,1.045128061848862,137,True,2,cluster_2,v1,2026-07-08
bacterial,TUN,Streptococcus pneumoniae,tetracycline,0.3611111111111111,-0.3781763175191044,58,True,2,cluster_2,v1,2026-07-08
bacterial,TUR,Haemophilus influenzae,trimethoprim/sulfamethoxazole,0.3104693140794224,0.2714456101987407,554,True,2,cluster_2,v1,2026-07-08
bacterial,TUR,Streptococcus pneumoniae,ampicillin,0.37055837563451777,0.5000000000003452,179,True,2,cluster_2,v1,2026-07-08
bacterial,TUR,Streptococcus pneumoniae,azithromycin,0.4672897196261682,-0.1817264476279068,321,True,2,cluster_2,v1,2026-07-08
bacterial,TUR,Streptococcus pneumoniae,cefaclor,0.7632398753894081,0.4285714285714451,321,True,2,cluster_2,v1,2026-07-08
bacterial,TUR,Streptococcus pneumoniae,cefpodoxime,0.4953271028037383,0.428571428571418,321,True,2,cluster_2,v1,2026-07-08
bacterial,TUR,Streptococcus pneumoniae,cefuroxime,0.46417445482866043,0.3035714285714153,321,True,2,cluster_2,v1,2026-07-08
bacterial,TUR,Streptococcus pneumoniae,clarithromycin,0.46105919003115264,-0.1638693047707636,321,True,2,cluster_2,v1,2026-07-08
bacterial,TUR,Streptococcus pneumoniae,doxycycline,0.3709677419354839,0.2029446844528896,142,True,2,cluster_2,v1,2026-07-08
bacterial,TUR,Streptococcus pneumoniae,erythromycin,0.4672897196261682,-0.1817264476279093,321,True,2,cluster_2,v1,2026-07-08
bacterial,TUR,Streptococcus pneumoniae,tetracycline,0.4161290322580645,0.0411659466421242,142,True,2,cluster_2,v1,2026-07-08
bacterial,TUR,Streptococcus pneumoniae,trimethoprim/sulfamethoxazole,0.42570312499999996,0.23214285714285413,320,True,2,cluster_2,v1,2026-07-08
bacterial,UKR,Haemophilus influenzae,trimethoprim/sulfamethoxazole,0.35793357933579334,0.2002918053183878,271,True,2,cluster_2,v1,2026-07-08
bacterial,UKR,Streptococcus pneumoniae,cefaclor,0.5743801652892562,0.1849315068493361,242,True,2,cluster_2,v1,2026-07-08
bacterial,VNM,Haemophilus influenzae,amoxicillin,0.8214285714285714,0.6046511627905686,280,True,2,cluster_2,v1,2026-07-08
bacterial,VNM,Haemophilus influenzae,amoxicillin/clavulanate,0.5405405405405406,-0.27650224658070643,471,True,2,cluster_2,v1,2026-07-08
bacterial,VNM,Haemophilus influenzae,ampicillin,0.9107142857142857,0.7325581395347428,280,True,2,cluster_2,v1,2026-07-08
bacterial,VNM,Haemophilus influenzae,cefixime,0.9071428571428571,-0.383720930232522,280,True,2,cluster_2,v1,2026-07-08
bacterial,VNM,Haemophilus influenzae,cefotaxime,0.8258706467661692,-9.643576746180325e-17,191,True,2,cluster_2,v1,2026-07-08
bacterial,VNM,Haemophilus influenzae,cefpodoxime,0.7964285714285714,-0.4186046511626808,280,True,2,cluster_2,v1,2026-07-08
bacterial,VNM,Haemophilus influenzae,ceftibuten,0.8756218905472637,-9.643576746180325e-17,191,True,2,cluster_2,v1,2026-07-08
bacterial,VNM,Haemophilus influenzae,ceftriaxone,0.49642857142857144,-0.2585670636060542,280,True,2,cluster_2,v1,2026-07-08
bacterial,VNM,Haemophilus influenzae,cefuroxime,0.5964285714285714,-0.0348837209303011,280,True,2,cluster_2,v1,2026-07-08
bacterial,VNM,Haemophilus influenzae,trimethoprim/sulfamethoxazole,0.8357142857142857,0.2441860465115807,280,True,2,cluster_2,v1,2026-07-08
bacterial,VNM,Streptococcus pneumoniae,ampicillin,0.7005813953488372,-9.912170526364636e-17,161,True,2,cluster_2,v1,2026-07-08
bacterial,VNM,Streptococcus pneumoniae,azithromycin,0.9442622950819672,0.24418604651158077,305,True,2,cluster_2,v1,2026-07-08
bacterial,VNM,Streptococcus pneumoniae,cefaclor,0.9573770491803278,0.7325581395347428,305,True,2,cluster_2,v1,2026-07-08
bacterial,VNM,Streptococcus pneumoniae,cefpodoxime,0.8786885245901639,0.5116279069766353,305,True,2,cluster_2,v1,2026-07-08
bacterial,VNM,Streptococcus pneumoniae,cefuroxime,0.8524590163934426,0.0232558139534733,305,True,2,cluster_2,v1,2026-07-08
bacterial,VNM,Streptococcus pneumoniae,clarithromycin,0.940983606557377,7.872194045401307e-18,305,True,2,cluster_2,v1,2026-07-08
bacterial,VNM,Streptococcus pneumoniae,doxycycline,0.6464968152866242,-4.8217883730901625e-17,144,True,2,cluster_2,v1,2026-07-08
bacterial,VNM,Streptococcus pneumoniae,erythromycin,0.9475409836065574,7.872194045401307e-18,305,True,2,cluster_2,v1,2026-07-08
bacterial,VNM,Streptococcus pneumoniae,penicillin,0.30491803278688523,0.0,305,True,2,cluster_2,v1,2026-07-08
bacterial,VNM,Streptococcus pneumoniae,tetracycline,0.8248407643312102,-4.8217883730901625e-17,144,True,2,cluster_2,v1,2026-07-08
bacterial,VNM,Streptococcus pneumoniae,trimethoprim/sulfamethoxazole,0.7914299124094446,0.1627906976744144,297,True,2,cluster_2,v1,2026-07-08
bacterial,ARE,Haemophilus influenzae,cefotaxime,0.0,-0.9068905956084772,34,True,3,cluster_3,v1,2026-07-08
bacterial,ARE,Streptococcus pneumoniae,cefotaxime,0.04081632653061222,-1.058893689053521,49,True,3,cluster_3,v1,2026-07-08
bacterial,ARE,Streptococcus pneumoniae,trimethoprim/sulfamethoxazole,0.3877551020408163,-0.9999999999999547,49,True,3,cluster_3,v1,2026-07-08
bacterial,CHL,Streptococcus pneumoniae,cefpodoxime,0.273972602739726,-1.2794468445270568,73,True,3,cluster_3,v1,2026-07-08
bacterial,CHL,Streptococcus pneumoniae,ceftriaxone,0.0,-1.264723422263584,73,True,3,cluster_3,v1,2026-07-08
bacterial,CHL,Streptococcus pneumoniae,cefuroxime,0.273972602739726,-1.52944684452707,73,True,3,cluster_3,v1,2026-07-08
bacterial,CHL,Streptococcus pneumoniae,penicillin,0.1095890410958904,-1.0294468445271103,73,True,3,cluster_3,v1,2026-07-08
bacterial,CHL,Streptococcus pneumoniae,trimethoprim/sulfamethoxazole,0.3561643835616438,-1.0000000000000886,73,True,3,cluster_3,v1,2026-07-08
bacterial,CRI,Haemophilus influenzae,amoxicillin,0.36538461538461536,-0.9999999999991837,52,True,3,cluster_3,v1,2026-07-08
bacterial,CRI,Haemophilus influenzae,cefuroxime,0.0,-0.9999999999991834,52,True,3,cluster_3,v1,2026-07-08
bacterial,CZE,Haemophilus influenzae,ampicillin,0.16243654822335024,-1.999999999999128,197,True,3,cluster_3,v1,2026-07-08
bacterial,CZE,Haemophilus influenzae,levofloxacin,0.005076142131979661,-0.9068905956081236,197,True,3,cluster_3,v1,2026-07-08
bacterial,CZE,Haemophilus influenzae,trimethoprim/sulfamethoxazole,0.2436548223350254,-0.9999999999995632,197,True,3,cluster_3,v1,2026-07-08
bacterial,GRC,Haemophilus influenzae,trimethoprim/sulfamethoxazole,0.28846153846153844,-2.0588936890526703,52,True,3,cluster_3,v1,2026-07-08
bacterial,GRC,Streptococcus pneumoniae,ampicillin,0.10641408409531546,-1.014723422263271,77,True,3,cluster_3,v1,2026-07-08
bacterial,GRC,Streptococcus pneumoniae,azithromycin,0.5050505050505051,-1.0147234222633423,99,True,3,cluster_3,v1,2026-07-08
bacterial,GRC,Streptococcus pneumoniae,ceftriaxone,0.0,-0.7647234222633071,99,True,3,cluster_3,v1,2026-07-08
bacterial,GRC,Streptococcus pneumoniae,cefuroxime,0.30303030303030304,-1.2647234222631882,99,True,3,cluster_3,v1,2026-07-08
bacterial,GRC,Streptococcus pneumoniae,clarithromycin,0.494949494949495,-1.5147234222633177,99,True,3,cluster_3,v1,2026-07-08
bacterial,GRC,Streptococcus pneumoniae,erythromycin,0.5050505050505051,-1.0147234222633426,99,True,3,cluster_3,v1,2026-07-08
bacterial,GRC,Streptococcus pneumoniae,penicillin,0.11111111111111108,-1.2647234222631882,99,True,3,cluster_3,v1,2026-07-08
bacterial,GRC,Streptococcus pneumoniae,trimethoprim/sulfamethoxazole,0.12121212121212122,-0.51472342226327,99,True,3,cluster_3,v1,2026-07-08
bacterial,HRV,Haemophilus influenzae,amoxicillin/clavulanate,0.06944444444444442,-0.4999999999997819,99,True,3,cluster_3,v1,2026-07-08
bacterial,HRV,Haemophilus influenzae,levofloxacin,0.0,-0.9999999999995642,99,True,3,cluster_3,v1,2026-07-08
bacterial,HRV,Streptococcus pneumoniae,ampicillin,0.16610334110334107,-2.5294468445261824,62,True,3,cluster_3,v1,2026-07-08
bacterial,HRV,Streptococcus pneumoniae,ceftriaxone,0.010752688172043,-2.029446844526254,93,True,3,cluster_3,v1,2026-07-08
bacterial,HRV,Streptococcus pneumoniae,cefuroxime,0.3333333333333333,-2.529446844526183,93,True,3,cluster_3,v1,2026-07-08
bacterial,HRV,Streptococcus pneumoniae,penicillin,0.26881720430107525,-2.529446844526181,93,True,3,cluster_3,v1,2026-07-08
bacterial,HRV,Streptococcus pneumoniae,trimethoprim/sulfamethoxazole,0.3548387096774194,-2.0294468445263525,93,True,3,cluster_3,v1,2026-07-08
bacterial,IND,Haemophilus influenzae,cefotaxime,0.052631578947368356,-0.5024609270030059,171,True,3,cluster_3,v1,2026-07-08
bacterial,ITA,Streptococcus pneumoniae,moxifloxacin,0.0,-0.500000000000018,77,True,3,cluster_3,v1,2026-07-08
bacterial,KEN,Streptococcus pneumoniae,ampicillin,0.20454545454545456,-1.0147234222633108,44,True,3,cluster_3,v1,2026-07-08
bacterial,KEN,Streptococcus pneumoniae,ceftriaxone,0.0,-0.5294468445267525,44,True,3,cluster_3,v1,2026-07-08
bacterial,KHM,Haemophilus influenzae,amoxicillin,0.3,-2.9999999999975517,30,True,3,cluster_3,v1,2026-07-08
bacterial,KHM,Haemophilus influenzae,levofloxacin,0.03333333333333333,-0.9999999999991834,30,True,3,cluster_3,v1,2026-07-08
bacterial,KHM,Streptococcus pneumoniae,ampicillin,0.22916666666666663,-1.9999999999983669,48,True,3,cluster_3,v1,2026-07-08
bacterial,KHM,Streptococcus pneumoniae,cefpodoxime,0.375,-0.9999999999991834,48,True,3,cluster_3,v1,2026-07-08
bacterial,KHM,Streptococcus pneumoniae,ceftriaxone,0.0,-2.058893689051888,48,True,3,cluster_3,v1,2026-07-08
bacterial,KHM,Streptococcus pneumoniae,penicillin,0.08333333333333329,-0.9999999999991832,48,True,3,cluster_3,v1,2026-07-08
bacterial,KWT,Haemophilus influenzae,amoxicillin/clavulanate,0.12962962962962962,-1.0050208724935588,160,True,3,cluster_3,v1,2026-07-08
bacterial,KWT,Haemophilus influenzae,tetracycline,0.03703703703703701,-0.5294468445268699,79,True,3,cluster_3,v1,2026-07-08
bacterial,KWT,Streptococcus pneumoniae,doxycycline,0.4153846153846154,-1.014723422263751,49,True,3,cluster_3,v1,2026-07-08
bacterial,LBN,Streptococcus pneumoniae,cefaclor,0.5238095238095238,-0.9999999999991841,21,True,3,cluster_3,v1,2026-07-08
bacterial,MAR,Haemophilus influenzae,amoxicillin,0.0,-0.9999999999991834,4,True,3,cluster_3,v1,2026-07-08
bacterial,MAR,Haemophilus influenzae,amoxicillin/clavulanate,0.21428571428571427,-0.9999999999991834,4,True,3,cluster_3,v1,2026-07-08
bacterial,MAR,Haemophilus influenzae,ampicillin,0.0,-2.058893689051888,4,True,3,cluster_3,v1,2026-07-08
bacterial,MAR,Haemophilus influenzae,cefpodoxime,0.0,-0.4999999999995911,4,True,3,cluster_3,v1,2026-07-08
bacterial,MAR,Haemophilus influenzae,cefuroxime,0.0,-0.9999999999991834,4,True,3,cluster_3,v1,2026-07-08
bacterial,MAR,Streptococcus pneumoniae,cefaclor,0.47368421052631576,-0.999999999999184,19,True,3,cluster_3,v1,2026-07-08
bacterial,MAR,Streptococcus pneumoniae,cefuroxime,0.10526315789473684,-0.9999999999991832,19,True,3,cluster_3,v1,2026-07-08
bacterial,MAR,Streptococcus pneumoniae,clarithromycin,0.15789473684210525,-0.9999999999991832,19,True,3,cluster_3,v1,2026-07-08
bacterial,MAR,Streptococcus pneumoniae,moxifloxacin,0.05263157894736842,-1.058893689052704,19,True,3,cluster_3,v1,2026-07-08
bacterial,MAR,Streptococcus pneumoniae,trimethoprim/sulfamethoxazole,0.15789473684210525,-1.9999999999983673,19,True,3,cluster_3,v1,2026-07-08
bacterial,PAK,Haemophilus influenzae,cefotaxime,0.06666666666666665,-0.9733973130309008,67,True,3,cluster_3,v1,2026-07-08
bacterial,PAK,Haemophilus influenzae,ceftibuten,0.09333333333333332,-0.4999999999999456,67,True,3,cluster_3,v1,2026-07-08
bacterial,PAK,Streptococcus pneumoniae,ampicillin,0.0871559633027523,-0.9999999999991832,94,True,3,cluster_3,v1,2026-07-08
bacterial,PHL,Haemophilus influenzae,amoxicillin,0.15254237288135594,-0.9999999999991832,59,True,3,cluster_3,v1,2026-07-08
bacterial,PHL,Haemophilus influenzae,amoxicillin/clavulanate,0.06153846153846153,-0.9999999999991832,59,True,3,cluster_3,v1,2026-07-08
bacterial,PHL,Haemophilus influenzae,cefpodoxime,0.0,-0.9999999999991838,59,True,3,cluster_3,v1,2026-07-08
bacterial,ROU,Streptococcus pneumoniae,penicillin,0.2838427947598253,-1.0000000000003555,229,True,3,cluster_3,v1,2026-07-08
bacterial,SAU,Streptococcus pneumoniae,ampicillin,0.19444444444444445,-1.5294468445269191,36,True,3,cluster_3,v1,2026-07-08
bacterial,SAU,Streptococcus pneumoniae,cefpodoxime,0.3333333333333333,-1.0294468445268752,36,True,3,cluster_3,v1,2026-07-08
bacterial,SAU,Streptococcus pneumoniae,ceftriaxone,0.027777777777777776,-2.0294468445271234,36,True,3,cluster_3,v1,2026-07-08
bacterial,SGP,Haemophilus influenzae,amoxicillin/clavulanate,0.25824175824175827,-0.9999999999991834,80,True,3,cluster_3,v1,2026-07-08
bacterial,SGP,Haemophilus influenzae,cefixime,0.21249999999999997,-0.9999999999991832,80,True,3,cluster_3,v1,2026-07-08
bacterial,SGP,Haemophilus influenzae,cefuroxime,0.12499999999999996,-0.9999999999991834,80,True,3,cluster_3,v1,2026-07-08
bacterial,SGP,Haemophilus influenzae,trimethoprim/sulfamethoxazole,0.375,-0.9999999999991832,80,True,3,cluster_3,v1,2026-07-08
bacterial,SGP,Streptococcus pneumoniae,ampicillin,0.3235294117647059,-1.4999999999987752,34,True,3,cluster_3,v1,2026-07-08
bacterial,SGP,Streptococcus pneumoniae,cefpodoxime,0.4411764705882353,-1.499999999998776,34,True,3,cluster_3,v1,2026-07-08
bacterial,SGP,Streptococcus pneumoniae,ceftriaxone,0.1176470588235294,-0.4999999999995911,34,True,3,cluster_3,v1,2026-07-08
bacterial,SGP,Streptococcus pneumoniae,cefuroxime,0.4411764705882353,-1.4999999999987752,34,True,3,cluster_3,v1,2026-07-08
bacterial,SGP,Streptococcus pneumoniae,penicillin,0.17647058823529413,-1.529446844525536,34,True,3,cluster_3,v1,2026-07-08
bacterial,SRB,Streptococcus pneumoniae,ceftriaxone,0.045977011494252845,-0.9999999999995642,87,True,3,cluster_3,v1,2026-07-08
bacterial,SRB,Streptococcus pneumoniae,penicillin,0.2988505747126437,-0.9999999999995639,87,True,3,cluster_3,v1,2026-07-08
bacterial,SVK,Streptococcus pneumoniae,ceftriaxone,0.0,-3.058893689054656,95,True,3,cluster_3,v1,2026-07-08
bacterial,SVK,Streptococcus pneumoniae,trimethoprim/sulfamethoxazole,0.3473684210526316,-2.058893689054301,95,True,3,cluster_3,v1,2026-07-08
bacterial,TUN,Streptococcus pneumoniae,cefotaxime,0.09722222222222222,-1.8067477460904287,58,True,3,cluster_3,v1,2026-07-08
bacterial,ARE,Streptococcus pneumoniae,azithromycin,0.5102040816326531,-5.05889368905334,49,True,4,cluster_4,v1,2026-07-08
bacterial,ARE,Streptococcus pneumoniae,clarithromycin,0.4897959183673469,-5.058893689053339,49,True,4,cluster_4,v1,2026-07-08
bacterial,ARE,Streptococcus pneumoniae,erythromycin,0.5102040816326531,-6.0588936890532965,49,True,4,cluster_4,v1,2026-07-08
bacterial,ARE,Streptococcus pneumoniae,tetracycline,0.4489795918367347,-2.499999999999888,49,True,4,cluster_4,v1,2026-07-08
bacterial,CHL,Streptococcus pneumoniae,azithromycin,0.6575342465753424,-2.264723422263893,73,True,4,cluster_4,v1,2026-07-08
bacterial,CHL,Streptococcus pneumoniae,clarithromycin,0.6575342465753424,-2.2647234222638937,73,True,4,cluster_4,v1,2026-07-08
bacterial,CHL,Streptococcus pneumoniae,erythromycin,0.6575342465753424,-2.2647234222637427,73,True,4,cluster_4,v1,2026-07-08
bacterial,KHM,Haemophilus influenzae,ampicillin,0.26666666666666666,-4.058893689050255,30,True,4,cluster_4,v1,2026-07-08
bacterial,KHM,Streptococcus pneumoniae,azithromycin,0.5,-4.058893689050255,48,True,4,cluster_4,v1,2026-07-08
bacterial,KHM,Streptococcus pneumoniae,cefaclor,0.7708333333333334,-2.9999999999975504,48,True,4,cluster_4,v1,2026-07-08
bacterial,KHM,Streptococcus pneumoniae,cefuroxime,0.4375,-2.999999999997552,48,True,4,cluster_4,v1,2026-07-08
bacterial,KHM,Streptococcus pneumoniae,clarithromycin,0.4583333333333333,-5.058893689049438,48,True,4,cluster_4,v1,2026-07-08
bacterial,KHM,Streptococcus pneumoniae,erythromycin,0.4791666666666667,-5.058893689049438,48,True,4,cluster_4,v1,2026-07-08
bacterial,MAR,Haemophilus influenzae,trimethoprim/sulfamethoxazole,0.75,-3.529446844523902,4,True,4,cluster_4,v1,2026-07-08
bacterial,PHL,Haemophilus influenzae,trimethoprim/sulfamethoxazole,0.576271186440678,-1.9999999999983675,59,True,4,cluster_4,v1,2026-07-08
bacterial,SAU,Haemophilus influenzae,trimethoprim/sulfamethoxazole,0.43636363636363634,-2.029446844527415,55,True,4,cluster_4,v1,2026-07-08
bacterial,SAU,Streptococcus pneumoniae,azithromycin,0.4722222222222222,-2.5294468445276137,36,True,4,cluster_4,v1,2026-07-08
bacterial,SAU,Streptococcus pneumoniae,clarithromycin,0.4722222222222222,-3.0294468445278886,36,True,4,cluster_4,v1,2026-07-08
bacterial,SAU,Streptococcus pneumoniae,erythromycin,0.4722222222222222,-3.529446844527853,36,True,4,cluster_4,v1,2026-07-08
bacterial,SGP,Streptococcus pneumoniae,azithromycin,0.7058823529411765,-3.499999999997143,34,True,4,cluster_4,v1,2026-07-08
bacterial,SGP,Streptococcus pneumoniae,clarithromycin,0.6764705882352942,-3.9999999999967355,34,True,4,cluster_4,v1,2026-07-08
bacterial,SGP,Streptococcus pneumoniae,erythromycin,0.7058823529411765,-2.9999999999975504,34,True,4,cluster_4,v1,2026-07-08
bacterial,SGP,Streptococcus pneumoniae,trimethoprim/sulfamethoxazole,0.47058823529411764,-2.999999999997552,34,True,4,cluster_4,v1,2026-07-08
bacterial,SRB,Streptococcus pneumoniae,cefuroxime,0.5977011494252874,-1.999999999999128,87,True,4,cluster_4,v1,2026-07-08
bacterial,SRB,Streptococcus pneumoniae,trimethoprim/sulfamethoxazole,0.47126436781609193,-1.999999999999128,87,True,4,cluster_4,v1,2026-07-08
bacterial,SVK,Streptococcus pneumoniae,ampicillin,0.15997405372405374,-5.058893689055367,60,True,4,cluster_4,v1,2026-07-08
bacterial,SVK,Streptococcus pneumoniae,cefuroxime,0.3684210526315789,-5.058893689055369,95,True,4,cluster_4,v1,2026-07-08
bacterial,SVK,Streptococcus pneumoniae,penicillin,0.35789473684210527,-4.0588936890550125,95,True,4,cluster_4,v1,2026-07-08
