pathogen_type,iso3_country,parsed_year,life_expectancy,burden_midpoint_weighted,quality_gate,gate_reason,version,date_added
fungal,ARG,2010,75.68,0.1298701298701298,bounds_only,bounds_only_weight_share=0.66,v1,2026-07-15
fungal,ARG,2011,76.1,0.0119047619047619,bounds_only,bounds_only_weight_share=0.66,v1,2026-07-15
fungal,ARG,2012,75.802,0.05,bounds_only,bounds_only_weight_share=0.66,v1,2026-07-15
fungal,ARG,2013,75.829,0.0303030303030303,bounds_only,bounds_only_weight_share=0.66,v1,2026-07-15
fungal,ARG,2015,76.6,0.1739130434782608,bounds_only,bounds_only_weight_share=0.66,v1,2026-07-15
fungal,ARG,2016,76.105,0.1694915254237288,bounds_only,bounds_only_weight_share=0.66,v1,2026-07-15
fungal,ARG,2017,76.543,0.1496598639455782,bounds_only,bounds_only_weight_share=0.66,v1,2026-07-15
fungal,ARG,2018,76.77,0.0942028985507246,bounds_only,bounds_only_weight_share=0.66,v1,2026-07-15
fungal,ARG,2019,76.847,0.0826771653543307,bounds_only,bounds_only_weight_share=0.66,v1,2026-07-15
fungal,ARG,2020,75.878,0.0935251798561151,bounds_only,bounds_only_weight_share=0.66,v1,2026-07-15
fungal,ARG,2021,73.948,0.0719424460431654,bounds_only,bounds_only_weight_share=0.66,v1,2026-07-15
fungal,ARG,2022,75.806,0.0503597122302158,bounds_only,bounds_only_weight_share=0.66,v1,2026-07-15
fungal,ARG,2023,77.395,0.0677083333333333,bounds_only,bounds_only_weight_share=0.66,v1,2026-07-15
fungal,ARG,2024,77.543,0.108433734939759,bounds_only,bounds_only_weight_share=0.66,v1,2026-07-15
fungal,AUS,2011,81.89512195121951,0.0268817204301075,bounds_only,bounds_only_weight_share=0.64,v1,2026-07-15
fungal,AUS,2012,82.04634146341463,0.0389221556886227,bounds_only,bounds_only_weight_share=0.64,v1,2026-07-15
fungal,AUS,2013,82.14878048780488,0.0416666666666666,bounds_only,bounds_only_weight_share=0.64,v1,2026-07-15
fungal,AUS,2014,82.3,0.101010101010101,bounds_only,bounds_only_weight_share=0.64,v1,2026-07-15
fungal,AUS,2015,82.4,0.0562248995983935,bounds_only,bounds_only_weight_share=0.64,v1,2026-07-15
fungal,AUS,2016,82.4487804878049,0.0952380952380952,bounds_only,bounds_only_weight_share=0.64,v1,2026-07-15
fungal,AUS,2017,82.5,0.0542763157894736,bounds_only,bounds_only_weight_share=0.64,v1,2026-07-15
fungal,AUS,2018,82.7487804878049,0.0684210526315789,bounds_only,bounds_only_weight_share=0.64,v1,2026-07-15
fungal,AUS,2019,82.9,0.0662460567823343,bounds_only,bounds_only_weight_share=0.64,v1,2026-07-15
fungal,AUS,2020,83.2,0.0587392550143266,bounds_only,bounds_only_weight_share=0.64,v1,2026-07-15
fungal,AUS,2021,83.3,0.05,bounds_only,bounds_only_weight_share=0.64,v1,2026-07-15
fungal,AUS,2022,83.2,0.0523917995444191,bounds_only,bounds_only_weight_share=0.64,v1,2026-07-15
fungal,AUS,2023,83.05121951219513,0.0909090909090909,bounds_only,bounds_only_weight_share=0.64,v1,2026-07-15
fungal,AUS,2024,83.05121951219513,0.0895522388059701,bounds_only,bounds_only_weight_share=0.64,v1,2026-07-15
fungal,BEL,2010,80.1829268292683,0.188235294117647,bounds_only,bounds_only_weight_share=0.63,v1,2026-07-15
fungal,BEL,2011,80.58536585365854,0.0483870967741935,bounds_only,bounds_only_weight_share=0.63,v1,2026-07-15
fungal,BEL,2012,80.38536585365854,0.0526315789473684,bounds_only,bounds_only_weight_share=0.63,v1,2026-07-15
fungal,BEL,2013,80.58780487804879,0.0454545454545454,bounds_only,bounds_only_weight_share=0.63,v1,2026-07-15
fungal,BEL,2014,81.28780487804877,0.0952380952380952,bounds_only,bounds_only_weight_share=0.63,v1,2026-07-15
fungal,BEL,2015,80.99268292682929,0.0990990990990991,bounds_only,bounds_only_weight_share=0.63,v1,2026-07-15
fungal,BEL,2016,81.4390243902439,0.13,bounds_only,bounds_only_weight_share=0.63,v1,2026-07-15
fungal,BEL,2017,81.49268292682927,0.0705882352941176,bounds_only,bounds_only_weight_share=0.63,v1,2026-07-15
fungal,BEL,2018,81.59512195121953,0.0891472868217054,bounds_only,bounds_only_weight_share=0.63,v1,2026-07-15
fungal,BEL,2019,81.99512195121952,0.0389610389610389,bounds_only,bounds_only_weight_share=0.63,v1,2026-07-15
fungal,BEL,2020,80.69512195121952,0.0375,bounds_only,bounds_only_weight_share=0.63,v1,2026-07-15
fungal,BEL,2021,81.79024390243904,0.0674603174603174,bounds_only,bounds_only_weight_share=0.63,v1,2026-07-15
fungal,BEL,2022,81.7487804878049,0.0967741935483871,bounds_only,bounds_only_weight_share=0.63,v1,2026-07-15
fungal,BEL,2023,82.4,0.1141304347826086,bounds_only,bounds_only_weight_share=0.63,v1,2026-07-15
fungal,BEL,2024,82.3,0.1144578313253012,bounds_only,bounds_only_weight_share=0.63,v1,2026-07-15
fungal,BRA,2010,73.779,0.0670611439842209,bounds_only,bounds_only_weight_share=0.64,v1,2026-07-15
fungal,BRA,2011,74.047,0.0461165048543689,bounds_only,bounds_only_weight_share=0.64,v1,2026-07-15
fungal,BRA,2012,74.335,0.0093023255813953,bounds_only,bounds_only_weight_share=0.64,v1,2026-07-15
fungal,BRA,2013,74.609,0.014528703047484,bounds_only,bounds_only_weight_share=0.64,v1,2026-07-15
fungal,BRA,2014,74.823,0.0545454545454545,bounds_only,bounds_only_weight_share=0.64,v1,2026-07-15
fungal,BRA,2015,75.106,0.1074380165289256,bounds_only,bounds_only_weight_share=0.64,v1,2026-07-15
fungal,BRA,2016,75.081,0.1098901098901098,bounds_only,bounds_only_weight_share=0.64,v1,2026-07-15
fungal,BRA,2017,75.383,0.0878378378378378,bounds_only,bounds_only_weight_share=0.64,v1,2026-07-15
fungal,BRA,2018,75.633,0.0555555555555555,bounds_only,bounds_only_weight_share=0.64,v1,2026-07-15
fungal,BRA,2019,75.809,0.0606060606060606,bounds_only,bounds_only_weight_share=0.64,v1,2026-07-15
fungal,BRA,2020,74.506,0.055045871559633,bounds_only,bounds_only_weight_share=0.64,v1,2026-07-15
fungal,BRA,2021,73.038,0.0490196078431372,bounds_only,bounds_only_weight_share=0.64,v1,2026-07-15
fungal,BRA,2022,74.872,0.0436893203883495,bounds_only,bounds_only_weight_share=0.64,v1,2026-07-15
fungal,BRA,2023,75.848,0.0533333333333333,bounds_only,bounds_only_weight_share=0.64,v1,2026-07-15
fungal,BRA,2024,76.023,0.0579710144927536,bounds_only,bounds_only_weight_share=0.64,v1,2026-07-15
fungal,CAN,2010,81.32219512195122,0.0245901639344262,bounds_only,bounds_only_weight_share=0.66,v1,2026-07-15
fungal,CAN,2011,81.48268292682928,0.0308219178082191,bounds_only,bounds_only_weight_share=0.66,v1,2026-07-15
fungal,CAN,2012,81.66365853658537,0.0312499999999999,bounds_only,bounds_only_weight_share=0.66,v1,2026-07-15
fungal,CAN,2013,81.74487804878049,0.0120967741935483,bounds_only,bounds_only_weight_share=0.66,v1,2026-07-15
fungal,CAN,2014,81.78439024390245,0.0643564356435643,bounds_only,bounds_only_weight_share=0.66,v1,2026-07-15
fungal,CAN,2015,81.82585365853659,0.0384615384615384,bounds_only,bounds_only_weight_share=0.66,v1,2026-07-15
fungal,CAN,2016,81.94,0.0510204081632653,bounds_only,bounds_only_weight_share=0.66,v1,2026-07-15
fungal,CAN,2017,81.8078048780488,0.0669642857142857,bounds_only,bounds_only_weight_share=0.66,v1,2026-07-15
fungal,CAN,2018,81.80365853658537,0.0721153846153846,bounds_only,bounds_only_weight_share=0.66,v1,2026-07-15
fungal,CAN,2019,82.15853658536587,0.0384615384615384,bounds_only,bounds_only_weight_share=0.66,v1,2026-07-15
fungal,CAN,2020,81.53,0.0144230769230769,bounds_only,bounds_only_weight_share=0.66,v1,2026-07-15
fungal,CHE,2019,83.90487804878049,0.1153846153846153,bounds_only,bounds_only_weight_share=0.58,v1,2026-07-15
fungal,CHE,2020,83.0,0.1111111111111111,bounds_only,bounds_only_weight_share=0.58,v1,2026-07-15
fungal,CHE,2021,83.75121951219514,0.0833333333333333,bounds_only,bounds_only_weight_share=0.58,v1,2026-07-15
fungal,CHE,2022,83.60487804878049,0.0588235294117647,bounds_only,bounds_only_weight_share=0.58,v1,2026-07-15
fungal,CHE,2023,84.15609756097562,0.125,bounds_only,bounds_only_weight_share=0.58,v1,2026-07-15
fungal,CHE,2024,84.40731707317074,0.125,bounds_only,bounds_only_weight_share=0.58,v1,2026-07-15
fungal,CHL,2010,79.095,0.0476190476190476,bounds_only,bounds_only_weight_share=0.67,v1,2026-07-15
fungal,CHL,2011,79.236,0.0074626865671641,bounds_only,bounds_only_weight_share=0.67,v1,2026-07-15
fungal,CHL,2012,79.221,0.018018018018018,bounds_only,bounds_only_weight_share=0.67,v1,2026-07-15
fungal,CHL,2013,79.551,0.0176991150442477,bounds_only,bounds_only_weight_share=0.67,v1,2026-07-15
fungal,CHL,2014,79.714,0.1509433962264151,bounds_only,bounds_only_weight_share=0.67,v1,2026-07-15
fungal,CHL,2015,80.008,0.106060606060606,bounds_only,bounds_only_weight_share=0.67,v1,2026-07-15
fungal,CHL,2016,80.295,0.1081081081081081,bounds_only,bounds_only_weight_share=0.67,v1,2026-07-15
fungal,CHL,2017,80.61,0.0738636363636363,bounds_only,bounds_only_weight_share=0.67,v1,2026-07-15
fungal,CHL,2018,80.559,0.0652173913043478,bounds_only,bounds_only_weight_share=0.67,v1,2026-07-15
fungal,CHL,2019,80.324,0.044776119402985,bounds_only,bounds_only_weight_share=0.67,v1,2026-07-15
fungal,CHL,2020,79.349,0.0394736842105263,bounds_only,bounds_only_weight_share=0.67,v1,2026-07-15
fungal,CHL,2021,78.876,0.0978260869565217,bounds_only,bounds_only_weight_share=0.67,v1,2026-07-15
fungal,CHL,2022,79.176,0.0978260869565217,bounds_only,bounds_only_weight_share=0.67,v1,2026-07-15
fungal,CHL,2023,81.167,0.1555555555555555,bounds_only,bounds_only_weight_share=0.67,v1,2026-07-15
fungal,CHL,2024,81.359,0.0652173913043478,bounds_only,bounds_only_weight_share=0.67,v1,2026-07-15
fungal,CHN,2010,75.668,0.0189873417721519,bounds_only,bounds_only_weight_share=0.73,v1,2026-07-15
fungal,CHN,2011,75.889,0.0503597122302158,bounds_only,bounds_only_weight_share=0.73,v1,2026-07-15
fungal,CHN,2012,76.2,0.0225872689938398,bounds_only,bounds_only_weight_share=0.73,v1,2026-07-15
fungal,CHN,2013,76.452,0.0392670157068062,bounds_only,bounds_only_weight_share=0.73,v1,2026-07-15
fungal,COL,2011,75.18,0.0208333333333333,bounds_only,bounds_only_weight_share=0.64,v1,2026-07-15
fungal,COL,2012,75.611,0.0610687022900763,bounds_only,bounds_only_weight_share=0.64,v1,2026-07-15
fungal,COL,2013,75.834,0.0,bounds_only,bounds_only_weight_share=0.64,v1,2026-07-15
fungal,COL,2014,75.95,0.074074074074074,bounds_only,bounds_only_weight_share=0.64,v1,2026-07-15
fungal,COL,2015,76.067,0.0842105263157894,bounds_only,bounds_only_weight_share=0.64,v1,2026-07-15
fungal,CRI,2019,80.296,0.0689655172413793,withhold,missing_country_gate,v1,2026-07-15
fungal,CZE,2013,78.17560975609756,0.0989010989010989,bounds_only,bounds_only_weight_share=0.61,v1,2026-07-15
fungal,CZE,2014,78.82439024390244,0.160919540229885,bounds_only,bounds_only_weight_share=0.61,v1,2026-07-15
fungal,CZE,2015,78.5780487804878,0.1684210526315789,bounds_only,bounds_only_weight_share=0.61,v1,2026-07-15
fungal,CZE,2016,79.02682926829269,0.1313131313131313,bounds_only,bounds_only_weight_share=0.61,v1,2026-07-15
fungal,CZE,2017,78.97804878048781,0.0806451612903225,bounds_only,bounds_only_weight_share=0.61,v1,2026-07-15
fungal,CZE,2018,79.02926829268293,0.0604838709677419,bounds_only,bounds_only_weight_share=0.61,v1,2026-07-15
fungal,CZE,2019,79.22926829268295,0.043103448275862,bounds_only,bounds_only_weight_share=0.61,v1,2026-07-15
fungal,CZE,2020,78.22682926829269,0.061111111111111,bounds_only,bounds_only_weight_share=0.61,v1,2026-07-15
fungal,CZE,2021,77.2219512195122,0.1221374045801526,bounds_only,bounds_only_weight_share=0.61,v1,2026-07-15
fungal,CZE,2022,78.92926829268293,0.0217391304347826,bounds_only,bounds_only_weight_share=0.61,v1,2026-07-15
fungal,CZE,2023,79.8268292682927,0.1013513513513513,bounds_only,bounds_only_weight_share=0.61,v1,2026-07-15
fungal,CZE,2024,79.97804878048781,0.0648148148148148,bounds_only,bounds_only_weight_share=0.61,v1,2026-07-15
fungal,DEU,2010,79.98780487804879,0.0552147239263803,bounds_only,bounds_only_weight_share=0.62,v1,2026-07-15
fungal,DEU,2011,80.43658536585367,0.0666666666666666,bounds_only,bounds_only_weight_share=0.62,v1,2026-07-15
fungal,DEU,2012,80.53902439024391,0.040650406504065,bounds_only,bounds_only_weight_share=0.62,v1,2026-07-15
fungal,DEU,2013,80.49024390243903,0.0337477797513321,bounds_only,bounds_only_weight_share=0.62,v1,2026-07-15
fungal,DEU,2014,81.09024390243904,0.0948012232415902,bounds_only,bounds_only_weight_share=0.62,v1,2026-07-15
fungal,DEU,2015,80.64146341463415,0.0751173708920187,bounds_only,bounds_only_weight_share=0.62,v1,2026-07-15
fungal,DEU,2016,80.99024390243903,0.0669745958429561,bounds_only,bounds_only_weight_share=0.62,v1,2026-07-15
fungal,DEU,2017,80.99268292682929,0.0285451197053407,bounds_only,bounds_only_weight_share=0.62,v1,2026-07-15
fungal,DEU,2018,80.89268292682927,0.0328571428571428,bounds_only,bounds_only_weight_share=0.62,v1,2026-07-15
fungal,DEU,2019,81.29268292682927,0.0303514376996805,bounds_only,bounds_only_weight_share=0.62,v1,2026-07-15
fungal,DEU,2020,81.04146341463415,0.0270491803278688,bounds_only,bounds_only_weight_share=0.62,v1,2026-07-15
fungal,DEU,2021,80.79024390243903,0.0316205533596837,bounds_only,bounds_only_weight_share=0.62,v1,2026-07-15
fungal,DEU,2022,80.6080487804878,0.0283783783783783,bounds_only,bounds_only_weight_share=0.62,v1,2026-07-15
fungal,DEU,2023,81.04146341463415,0.048780487804878,bounds_only,bounds_only_weight_share=0.62,v1,2026-07-15
fungal,DEU,2024,80.79268292682927,0.0652173913043478,bounds_only,bounds_only_weight_share=0.62,v1,2026-07-15
fungal,ECU,2011,75.179,0.0,bounds_only,bounds_only_weight_share=0.75,v1,2026-07-15
fungal,ECU,2013,75.832,0.05,bounds_only,bounds_only_weight_share=0.75,v1,2026-07-15
fungal,ESP,2010,81.6268292682927,0.0491803278688524,bounds_only,bounds_only_weight_share=0.64,v1,2026-07-15
fungal,ESP,2011,82.47560975609757,0.0276243093922652,bounds_only,bounds_only_weight_share=0.64,v1,2026-07-15
fungal,ESP,2012,82.4268292682927,0.0535714285714285,bounds_only,bounds_only_weight_share=0.64,v1,2026-07-15
fungal,ESP,2013,83.07804878048782,0.0216049382716049,bounds_only,bounds_only_weight_share=0.64,v1,2026-07-15
fungal,ESP,2014,83.22926829268293,0.0909090909090909,bounds_only,bounds_only_weight_share=0.64,v1,2026-07-15
fungal,ESP,2015,82.83170731707318,0.068825910931174,bounds_only,bounds_only_weight_share=0.64,v1,2026-07-15
fungal,ESP,2016,83.32926829268293,0.0883534136546184,bounds_only,bounds_only_weight_share=0.64,v1,2026-07-15
fungal,ESP,2017,83.28292682926829,0.0540935672514619,bounds_only,bounds_only_weight_share=0.64,v1,2026-07-15
fungal,ESP,2018,83.43170731707319,0.0375,bounds_only,bounds_only_weight_share=0.64,v1,2026-07-15
fungal,ESP,2019,83.83170731707318,0.06,bounds_only,bounds_only_weight_share=0.64,v1,2026-07-15
fungal,ESP,2020,82.23170731707317,0.0658783783783783,bounds_only,bounds_only_weight_share=0.64,v1,2026-07-15
fungal,ESP,2021,83.1780487804878,0.0586206896551724,bounds_only,bounds_only_weight_share=0.64,v1,2026-07-15
fungal,ESP,2022,83.13414634146342,0.0314814814814814,bounds_only,bounds_only_weight_share=0.64,v1,2026-07-15
fungal,ESP,2023,83.93414634146342,0.0619469026548672,bounds_only,bounds_only_weight_share=0.64,v1,2026-07-15
fungal,ESP,2024,83.8878048780488,0.0736607142857142,bounds_only,bounds_only_weight_share=0.64,v1,2026-07-15
fungal,FRA,2010,81.66341463414635,0.0812720848056537,bounds_only,bounds_only_weight_share=0.65,v1,2026-07-15
fungal,FRA,2011,82.11463414634147,0.0306513409961685,bounds_only,bounds_only_weight_share=0.65,v1,2026-07-15
fungal,FRA,2012,81.96829268292684,0.0275590551181102,bounds_only,bounds_only_weight_share=0.65,v1,2026-07-15
fungal,FRA,2013,82.21951219512196,0.051556420233463,bounds_only,bounds_only_weight_share=0.65,v1,2026-07-15
fungal,FRA,2014,82.71951219512195,0.045662100456621,bounds_only,bounds_only_weight_share=0.65,v1,2026-07-15
fungal,FRA,2015,82.3219512195122,0.0616740088105726,bounds_only,bounds_only_weight_share=0.65,v1,2026-07-15
fungal,FRA,2016,82.57317073170732,0.0612244897959183,bounds_only,bounds_only_weight_share=0.65,v1,2026-07-15
fungal,FRA,2017,82.57560975609756,0.0357142857142857,bounds_only,bounds_only_weight_share=0.65,v1,2026-07-15
fungal,FRA,2018,82.67560975609757,0.0663265306122449,bounds_only,bounds_only_weight_share=0.65,v1,2026-07-15
fungal,FRA,2019,82.8268292682927,0.0619834710743801,bounds_only,bounds_only_weight_share=0.65,v1,2026-07-15
fungal,FRA,2020,82.17560975609757,0.078125,bounds_only,bounds_only_weight_share=0.65,v1,2026-07-15
fungal,FRA,2021,82.32439024390244,0.0772727272727272,bounds_only,bounds_only_weight_share=0.65,v1,2026-07-15
fungal,FRA,2022,82.12926829268294,0.0769230769230769,bounds_only,bounds_only_weight_share=0.65,v1,2026-07-15
fungal,FRA,2023,82.83170731707318,0.0869565217391304,bounds_only,bounds_only_weight_share=0.65,v1,2026-07-15
fungal,FRA,2024,82.98048780487807,0.0989010989010989,bounds_only,bounds_only_weight_share=0.65,v1,2026-07-15
fungal,GBR,2010,80.40243902439025,0.104089219330855,bounds_only,bounds_only_weight_share=0.67,v1,2026-07-15
fungal,GBR,2011,80.95121951219512,0.0359712230215827,bounds_only,bounds_only_weight_share=0.67,v1,2026-07-15
fungal,GBR,2012,80.90487804878049,0.0318725099601593,bounds_only,bounds_only_weight_share=0.67,v1,2026-07-15
fungal,GBR,2013,81.0048780487805,0.0441176470588235,bounds_only,bounds_only_weight_share=0.67,v1,2026-07-15
fungal,GBR,2014,81.3048780487805,0.1290322580645161,bounds_only,bounds_only_weight_share=0.67,v1,2026-07-15
fungal,GBR,2015,80.95609756097562,0.1149425287356321,bounds_only,bounds_only_weight_share=0.67,v1,2026-07-15
fungal,GBR,2016,81.15609756097562,0.1764705882352941,bounds_only,bounds_only_weight_share=0.67,v1,2026-07-15
fungal,GBR,2019,81.36912195121953,0.0599999999999999,bounds_only,bounds_only_weight_share=0.67,v1,2026-07-15
fungal,GBR,2020,80.33175609756098,0.09,bounds_only,bounds_only_weight_share=0.67,v1,2026-07-15
fungal,GBR,2021,80.64731707317074,0.0909090909090909,bounds_only,bounds_only_weight_share=0.67,v1,2026-07-15
fungal,GBR,2022,81.01121951219511,0.0548780487804878,bounds_only,bounds_only_weight_share=0.67,v1,2026-07-15
fungal,GRC,2010,80.3878048780488,0.0,bounds_only,bounds_only_weight_share=0.65,v1,2026-07-15
fungal,GRC,2011,80.73170731707317,0.0,bounds_only,bounds_only_weight_share=0.65,v1,2026-07-15
fungal,GRC,2012,80.63414634146342,0.0229885057471264,bounds_only,bounds_only_weight_share=0.65,v1,2026-07-15
fungal,GRC,2013,81.28536585365853,0.0,bounds_only,bounds_only_weight_share=0.65,v1,2026-07-15
fungal,GRC,2014,81.38536585365853,0.1071428571428571,bounds_only,bounds_only_weight_share=0.65,v1,2026-07-15
fungal,GRC,2015,81.03658536585367,0.1081081081081081,bounds_only,bounds_only_weight_share=0.65,v1,2026-07-15
fungal,GRC,2016,81.3878048780488,0.1212121212121212,bounds_only,bounds_only_weight_share=0.65,v1,2026-07-15
fungal,GRC,2017,81.28780487804877,0.125,bounds_only,bounds_only_weight_share=0.65,v1,2026-07-15
fungal,GRC,2019,81.63902439024392,0.1323529411764706,bounds_only,bounds_only_weight_share=0.65,v1,2026-07-15
fungal,GRC,2020,81.28780487804877,0.1,bounds_only,bounds_only_weight_share=0.65,v1,2026-07-15
fungal,GRC,2021,80.0829268292683,0.0576923076923076,bounds_only,bounds_only_weight_share=0.65,v1,2026-07-15
fungal,GRC,2022,80.78780487804879,0.0925925925925925,bounds_only,bounds_only_weight_share=0.65,v1,2026-07-15
fungal,GRC,2023,81.73658536585367,0.0365853658536585,bounds_only,bounds_only_weight_share=0.65,v1,2026-07-15
fungal,GRC,2024,81.83902439024392,0.0547945205479452,bounds_only,bounds_only_weight_share=0.65,v1,2026-07-15
fungal,HKG,2011,83.4119512195122,0.0659340659340659,bounds_only,bounds_only_weight_share=0.71,v1,2026-07-15
fungal,HKG,2012,83.45024390243903,0.0,bounds_only,bounds_only_weight_share=0.71,v1,2026-07-15
fungal,HKG,2013,83.83121951219512,0.0,bounds_only,bounds_only_weight_share=0.71,v1,2026-07-15
fungal,HRV,2016,77.92195121951221,0.2073170731707317,withhold,missing_country_gate,v1,2026-07-15
fungal,HUN,2010,74.20731707317074,0.0121951219512195,bounds_only,bounds_only_weight_share=0.66,v1,2026-07-15
fungal,HUN,2011,74.85853658536587,0.0181818181818181,bounds_only,bounds_only_weight_share=0.66,v1,2026-07-15
fungal,HUN,2012,75.06341463414634,0.0095238095238095,bounds_only,bounds_only_weight_share=0.66,v1,2026-07-15
fungal,HUN,2013,75.5658536585366,0.0493827160493827,bounds_only,bounds_only_weight_share=0.66,v1,2026-07-15
fungal,HUN,2014,75.76341463414634,0.1016949152542373,bounds_only,bounds_only_weight_share=0.66,v1,2026-07-15
fungal,HUN,2015,75.56829268292685,0.1363636363636363,bounds_only,bounds_only_weight_share=0.66,v1,2026-07-15
fungal,HUN,2016,76.06341463414635,0.1388888888888889,bounds_only,bounds_only_weight_share=0.66,v1,2026-07-15
fungal,HUN,2017,75.81707317073172,0.0629921259842519,bounds_only,bounds_only_weight_share=0.66,v1,2026-07-15
fungal,HUN,2018,76.0658536585366,0.0707964601769911,bounds_only,bounds_only_weight_share=0.66,v1,2026-07-15
fungal,HUN,2019,76.31951219512194,0.0357142857142857,bounds_only,bounds_only_weight_share=0.66,v1,2026-07-15
fungal,HUN,2020,75.41951219512197,0.0689655172413793,bounds_only,bounds_only_weight_share=0.66,v1,2026-07-15
fungal,HUN,2021,74.06585365853658,0.0291666666666666,bounds_only,bounds_only_weight_share=0.66,v1,2026-07-15
fungal,HUN,2022,75.86829268292684,0.0216346153846153,bounds_only,bounds_only_weight_share=0.66,v1,2026-07-15
fungal,HUN,2023,76.5707317073171,0.0446009389671361,bounds_only,bounds_only_weight_share=0.66,v1,2026-07-15
fungal,HUN,2024,76.72439024390246,0.0756097560975609,bounds_only,bounds_only_weight_share=0.66,v1,2026-07-15
fungal,IND,2010,67.162,0.0,bounds_only,bounds_only_weight_share=0.75,v1,2026-07-15
fungal,IND,2011,67.623,0.1,bounds_only,bounds_only_weight_share=0.75,v1,2026-07-15
fungal,IRL,2010,80.74390243902438,0.0789473684210526,bounds_only,bounds_only_weight_share=0.64,v1,2026-07-15
fungal,IRL,2011,80.74634146341464,0.042016806722689,bounds_only,bounds_only_weight_share=0.64,v1,2026-07-15
fungal,IRL,2012,80.84634146341465,0.032258064516129,bounds_only,bounds_only_weight_share=0.64,v1,2026-07-15
fungal,IRL,2013,80.94878048780488,0.0148148148148147,bounds_only,bounds_only_weight_share=0.64,v1,2026-07-15
fungal,IRL,2014,81.34878048780487,0.1538461538461538,bounds_only,bounds_only_weight_share=0.64,v1,2026-07-15
fungal,IRL,2015,81.45365853658538,0.1470588235294117,bounds_only,bounds_only_weight_share=0.64,v1,2026-07-15
fungal,IRL,2016,81.65365853658537,0.1176470588235294,bounds_only,bounds_only_weight_share=0.64,v1,2026-07-15
fungal,IRL,2017,82.15609756097562,0.0802469135802469,bounds_only,bounds_only_weight_share=0.64,v1,2026-07-15
fungal,IRL,2018,82.2048780487805,0.0608108108108108,bounds_only,bounds_only_weight_share=0.64,v1,2026-07-15
fungal,IRL,2019,82.70243902439026,0.0892857142857142,bounds_only,bounds_only_weight_share=0.64,v1,2026-07-15
fungal,IRL,2020,82.45609756097564,0.1071428571428571,bounds_only,bounds_only_weight_share=0.64,v1,2026-07-15
fungal,IRL,2021,82.25365853658538,0.094059405940594,bounds_only,bounds_only_weight_share=0.64,v1,2026-07-15
fungal,IRL,2022,82.50975609756098,0.0661157024793388,bounds_only,bounds_only_weight_share=0.64,v1,2026-07-15
fungal,IRL,2023,82.80731707317074,0.0714285714285714,bounds_only,bounds_only_weight_share=0.64,v1,2026-07-15
fungal,IRL,2024,83.009756097561,0.1666666666666666,bounds_only,bounds_only_weight_share=0.64,v1,2026-07-15
fungal,ISR,2010,81.60243902439025,0.0404624277456647,bounds_only,bounds_only_weight_share=0.63,v1,2026-07-15
fungal,ISR,2011,81.65609756097562,0.028735632183908,bounds_only,bounds_only_weight_share=0.63,v1,2026-07-15
fungal,ISR,2012,81.7048780487805,0.005050505050505,bounds_only,bounds_only_weight_share=0.63,v1,2026-07-15
fungal,ISR,2013,82.05609756097562,0.0666666666666666,bounds_only,bounds_only_weight_share=0.63,v1,2026-07-15
fungal,ISR,2014,82.15365853658537,0.0967741935483871,bounds_only,bounds_only_weight_share=0.63,v1,2026-07-15
fungal,ISR,2015,82.05121951219512,0.0964912280701754,bounds_only,bounds_only_weight_share=0.63,v1,2026-07-15
fungal,ISR,2020,82.64878048780488,0.0482758620689654,bounds_only,bounds_only_weight_share=0.63,v1,2026-07-15
fungal,ISR,2021,82.5,0.016260162601626,bounds_only,bounds_only_weight_share=0.63,v1,2026-07-15
fungal,ISR,2022,82.7,0.0618556701030927,bounds_only,bounds_only_weight_share=0.63,v1,2026-07-15
fungal,ISR,2023,83.19512195121952,0.1024096385542168,bounds_only,bounds_only_weight_share=0.63,v1,2026-07-15
fungal,ISR,2024,83.19756097560976,0.1265822784810126,bounds_only,bounds_only_weight_share=0.63,v1,2026-07-15
fungal,ITA,2010,82.03658536585367,0.0121951219512195,bounds_only,bounds_only_weight_share=0.64,v1,2026-07-15
fungal,ITA,2011,82.1878048780488,0.0069444444444444,bounds_only,bounds_only_weight_share=0.64,v1,2026-07-15
fungal,ITA,2012,82.23902439024391,0.0131926121372031,bounds_only,bounds_only_weight_share=0.64,v1,2026-07-15
fungal,ITA,2013,82.69024390243902,0.0103092783505154,bounds_only,bounds_only_weight_share=0.64,v1,2026-07-15
fungal,ITA,2014,83.09024390243904,0.0657532260403073,bounds_only,bounds_only_weight_share=0.64,v1,2026-07-15
fungal,ITA,2015,82.5439024390244,0.0649606299212598,bounds_only,bounds_only_weight_share=0.64,v1,2026-07-15
fungal,ITA,2016,83.24390243902438,0.0643015521064301,bounds_only,bounds_only_weight_share=0.64,v1,2026-07-15
fungal,ITA,2017,82.94634146341465,0.037984496124031,bounds_only,bounds_only_weight_share=0.64,v1,2026-07-15
fungal,ITA,2018,83.34634146341465,0.0515873015873015,bounds_only,bounds_only_weight_share=0.64,v1,2026-07-15
fungal,ITA,2019,83.49756097560977,0.0227987421383647,bounds_only,bounds_only_weight_share=0.64,v1,2026-07-15
fungal,ITA,2020,82.19512195121952,0.0325925925925925,bounds_only,bounds_only_weight_share=0.64,v1,2026-07-15
fungal,ITA,2021,82.64634146341464,0.0343915343915343,bounds_only,bounds_only_weight_share=0.64,v1,2026-07-15
fungal,ITA,2022,82.7,0.01707779886148,bounds_only,bounds_only_weight_share=0.64,v1,2026-07-15
fungal,ITA,2023,83.35121951219513,0.0259067357512953,bounds_only,bounds_only_weight_share=0.64,v1,2026-07-15
fungal,ITA,2024,83.95121951219514,0.0259938837920489,bounds_only,bounds_only_weight_share=0.64,v1,2026-07-15
fungal,JPN,2022,83.99634146341464,0.0297619047619047,withhold,missing_country_gate,v1,2026-07-15
fungal,KOR,2010,80.11707317073171,0.036144578313253,bounds_only,bounds_only_weight_share=0.63,v1,2026-07-15
fungal,KOR,2011,80.56829268292685,0.0399999999999999,bounds_only,bounds_only_weight_share=0.63,v1,2026-07-15
fungal,KOR,2012,80.81951219512196,0.0321100917431192,bounds_only,bounds_only_weight_share=0.63,v1,2026-07-15
fungal,KOR,2013,81.27073170731707,0.0152091254752851,bounds_only,bounds_only_weight_share=0.63,v1,2026-07-15
fungal,KOR,2014,81.7219512195122,0.1134751773049645,bounds_only,bounds_only_weight_share=0.63,v1,2026-07-15
fungal,KOR,2015,82.02439024390245,0.0519480519480519,bounds_only,bounds_only_weight_share=0.63,v1,2026-07-15
fungal,KOR,2016,82.27560975609758,0.0844155844155844,bounds_only,bounds_only_weight_share=0.63,v1,2026-07-15
fungal,KOR,2017,82.62682926829268,0.024793388429752,bounds_only,bounds_only_weight_share=0.63,v1,2026-07-15
fungal,KOR,2018,82.62682926829268,0.0542452830188679,bounds_only,bounds_only_weight_share=0.63,v1,2026-07-15
fungal,KOR,2019,83.22682926829269,0.0331950207468879,bounds_only,bounds_only_weight_share=0.63,v1,2026-07-15
fungal,KOR,2020,83.42682926829269,0.0298165137614678,bounds_only,bounds_only_weight_share=0.63,v1,2026-07-15
fungal,KOR,2021,83.52682926829269,0.0284552845528455,bounds_only,bounds_only_weight_share=0.63,v1,2026-07-15
fungal,KOR,2022,82.68048780487806,0.0185185185185185,bounds_only,bounds_only_weight_share=0.63,v1,2026-07-15
fungal,KOR,2023,83.42926829268293,0.050314465408805,bounds_only,bounds_only_weight_share=0.63,v1,2026-07-15
fungal,KOR,2024,83.62926829268294,0.037037037037037,bounds_only,bounds_only_weight_share=0.63,v1,2026-07-15
fungal,MEX,2010,73.718,0.0426829268292682,bounds_only,bounds_only_weight_share=0.62,v1,2026-07-15
fungal,MEX,2011,73.921,0.0549999999999999,bounds_only,bounds_only_weight_share=0.62,v1,2026-07-15
fungal,MEX,2012,74.128,0.0,bounds_only,bounds_only_weight_share=0.62,v1,2026-07-15
fungal,MEX,2013,74.289,0.0437869822485207,bounds_only,bounds_only_weight_share=0.62,v1,2026-07-15
fungal,MEX,2014,74.404,0.1507936507936507,bounds_only,bounds_only_weight_share=0.62,v1,2026-07-15
fungal,MEX,2015,74.431,0.1641791044776119,bounds_only,bounds_only_weight_share=0.62,v1,2026-07-15
fungal,MEX,2016,74.376,0.1532258064516129,bounds_only,bounds_only_weight_share=0.62,v1,2026-07-15
fungal,MEX,2017,74.261,0.0925925925925926,bounds_only,bounds_only_weight_share=0.62,v1,2026-07-15
fungal,MEX,2018,74.301,0.032258064516129,bounds_only,bounds_only_weight_share=0.62,v1,2026-07-15
fungal,MEX,2019,74.53,0.0328638497652582,bounds_only,bounds_only_weight_share=0.62,v1,2026-07-15
fungal,MEX,2020,70.449,0.0163551401869158,bounds_only,bounds_only_weight_share=0.62,v1,2026-07-15
fungal,MEX,2021,69.75,0.0426008968609865,bounds_only,bounds_only_weight_share=0.62,v1,2026-07-15
fungal,MEX,2022,73.973,0.0545454545454545,bounds_only,bounds_only_weight_share=0.62,v1,2026-07-15
fungal,MEX,2023,75.069,0.0424242424242424,bounds_only,bounds_only_weight_share=0.62,v1,2026-07-15
fungal,MEX,2024,75.264,0.1125,bounds_only,bounds_only_weight_share=0.62,v1,2026-07-15
fungal,NZL,2011,81.15609756097562,0.0126582278481012,bounds_only,bounds_only_weight_share=0.62,v1,2026-07-15
fungal,NZL,2012,81.40731707317073,0.010204081632653,bounds_only,bounds_only_weight_share=0.62,v1,2026-07-15
fungal,NZL,2013,81.40487804878049,0.0181818181818181,bounds_only,bounds_only_weight_share=0.62,v1,2026-07-15
fungal,NZL,2014,81.4568292682927,0.1126760563380281,bounds_only,bounds_only_weight_share=0.62,v1,2026-07-15
fungal,NZL,2015,81.61243902439026,0.1142857142857142,bounds_only,bounds_only_weight_share=0.62,v1,2026-07-15
fungal,NZL,2016,81.65853658536587,0.1184210526315789,bounds_only,bounds_only_weight_share=0.62,v1,2026-07-15
fungal,NZL,2017,81.85853658536587,0.1065573770491803,bounds_only,bounds_only_weight_share=0.62,v1,2026-07-15
fungal,NZL,2018,81.70731707317074,0.0625,bounds_only,bounds_only_weight_share=0.62,v1,2026-07-15
fungal,NZL,2019,82.05609756097562,0.0769230769230769,bounds_only,bounds_only_weight_share=0.62,v1,2026-07-15
fungal,NZL,2020,82.25609756097562,0.0804597701149425,bounds_only,bounds_only_weight_share=0.62,v1,2026-07-15
fungal,NZL,2021,82.20731707317074,0.0466101694915254,bounds_only,bounds_only_weight_share=0.62,v1,2026-07-15
fungal,NZL,2022,81.95853658536585,0.070754716981132,bounds_only,bounds_only_weight_share=0.62,v1,2026-07-15
fungal,NZL,2023,81.75853658536587,0.1220930232558139,bounds_only,bounds_only_weight_share=0.62,v1,2026-07-15
fungal,NZL,2024,82.00975609756098,0.0892857142857143,bounds_only,bounds_only_weight_share=0.62,v1,2026-07-15
fungal,PAN,2021,77.004,0.0984251968503937,bounds_only,bounds_only_weight_share=0.63,v1,2026-07-15
fungal,PAN,2022,79.324,0.0877862595419847,bounds_only,bounds_only_weight_share=0.63,v1,2026-07-15
fungal,PAN,2023,79.594,0.0970873786407767,bounds_only,bounds_only_weight_share=0.63,v1,2026-07-15
fungal,PAN,2024,79.775,0.0833333333333333,bounds_only,bounds_only_weight_share=0.63,v1,2026-07-15
fungal,PHL,2018,69.761,0.06640625,bounds_only,bounds_only_weight_share=0.64,v1,2026-07-15
fungal,PHL,2019,69.68,0.0666666666666666,bounds_only,bounds_only_weight_share=0.64,v1,2026-07-15
fungal,PHL,2020,70.097,0.1123595505617977,bounds_only,bounds_only_weight_share=0.64,v1,2026-07-15
fungal,PHL,2021,66.675,0.0459770114942528,bounds_only,bounds_only_weight_share=0.64,v1,2026-07-15
fungal,PHL,2022,69.472,0.074074074074074,bounds_only,bounds_only_weight_share=0.64,v1,2026-07-15
fungal,PHL,2023,69.833,0.1057692307692307,bounds_only,bounds_only_weight_share=0.64,v1,2026-07-15
fungal,PHL,2024,69.946,0.0769230769230769,bounds_only,bounds_only_weight_share=0.64,v1,2026-07-15
fungal,PRT,2010,79.02682926829269,0.1052631578947368,bounds_only,bounds_only_weight_share=0.63,v1,2026-07-15
fungal,PRT,2011,80.47073170731709,0.0155038759689922,bounds_only,bounds_only_weight_share=0.63,v1,2026-07-15
fungal,PRT,2012,80.37317073170732,0.0327868852459016,bounds_only,bounds_only_weight_share=0.63,v1,2026-07-15
fungal,PRT,2013,80.7219512195122,0.0050551470588235,bounds_only,bounds_only_weight_share=0.63,v1,2026-07-15
fungal,PRT,2014,81.12195121951221,0.2,bounds_only,bounds_only_weight_share=0.63,v1,2026-07-15
fungal,PRT,2015,81.12439024390245,0.1666666666666666,bounds_only,bounds_only_weight_share=0.63,v1,2026-07-15
fungal,PRT,2016,81.12439024390245,0.1666666666666666,bounds_only,bounds_only_weight_share=0.63,v1,2026-07-15
fungal,PRT,2017,81.42439024390245,0.1,bounds_only,bounds_only_weight_share=0.63,v1,2026-07-15
fungal,PRT,2018,81.32439024390244,0.1111111111111111,bounds_only,bounds_only_weight_share=0.63,v1,2026-07-15
fungal,PRT,2019,81.67560975609757,0.0714285714285714,bounds_only,bounds_only_weight_share=0.63,v1,2026-07-15
fungal,PRT,2020,81.32926829268293,0.0588235294117647,bounds_only,bounds_only_weight_share=0.63,v1,2026-07-15
fungal,PRT,2021,81.3780487804878,0.0657894736842105,bounds_only,bounds_only_weight_share=0.63,v1,2026-07-15
fungal,PRT,2022,81.6317073170732,0.0769230769230769,bounds_only,bounds_only_weight_share=0.63,v1,2026-07-15
fungal,PRT,2023,82.32926829268294,0.375,bounds_only,bounds_only_weight_share=0.63,v1,2026-07-15
fungal,PRT,2024,82.3829268292683,0.125,bounds_only,bounds_only_weight_share=0.63,v1,2026-07-15
fungal,ROU,2014,74.90975609756099,0.1864406779661017,bounds_only,bounds_only_weight_share=0.61,v1,2026-07-15
fungal,ROU,2015,74.91219512195123,0.0769230769230769,bounds_only,bounds_only_weight_share=0.61,v1,2026-07-15
fungal,ROU,2023,76.40487804878049,0.0706521739130434,bounds_only,bounds_only_weight_share=0.61,v1,2026-07-15
fungal,ROU,2024,76.45853658536586,0.043103448275862,bounds_only,bounds_only_weight_share=0.61,v1,2026-07-15
fungal,RUS,2012,70.07219512195124,0.0,bounds_only,bounds_only_weight_share=0.58,v1,2026-07-15
fungal,RUS,2013,70.57878048780488,0.0147058823529411,bounds_only,bounds_only_weight_share=0.58,v1,2026-07-15
fungal,RUS,2015,71.18341463414635,0.2142857142857142,bounds_only,bounds_only_weight_share=0.58,v1,2026-07-15
fungal,SGP,2011,81.7439024390244,0.0,bounds_only,bounds_only_weight_share=0.62,v1,2026-07-15
fungal,SGP,2012,81.99512195121952,0.0434782608695652,bounds_only,bounds_only_weight_share=0.62,v1,2026-07-15
fungal,SGP,2013,82.24634146341465,0.0412371134020618,bounds_only,bounds_only_weight_share=0.62,v1,2026-07-15
fungal,SGP,2014,82.49512195121953,0.075268817204301,bounds_only,bounds_only_weight_share=0.62,v1,2026-07-15
fungal,SGP,2015,82.7439024390244,0.0520833333333333,bounds_only,bounds_only_weight_share=0.62,v1,2026-07-15
fungal,SVK,2010,75.11219512195122,0.0235294117647058,bounds_only,bounds_only_weight_share=0.69,v1,2026-07-15
fungal,SVK,2011,75.95853658536586,0.0364963503649635,bounds_only,bounds_only_weight_share=0.69,v1,2026-07-15
fungal,SVK,2023,78.11951219512196,0.1075268817204301,bounds_only,bounds_only_weight_share=0.69,v1,2026-07-15
fungal,SVK,2024,78.37073170731709,0.1462264150943396,bounds_only,bounds_only_weight_share=0.69,v1,2026-07-15
fungal,SVN,2014,81.0780487804878,0.1311403508771929,bounds_only,bounds_only_weight_share=0.61,v1,2026-07-15
fungal,SVN,2015,80.77560975609757,0.0603448275862069,bounds_only,bounds_only_weight_share=0.61,v1,2026-07-15
fungal,SVN,2016,81.17560975609757,0.073170731707317,bounds_only,bounds_only_weight_share=0.61,v1,2026-07-15
fungal,SVN,2017,81.02926829268294,0.0576923076923076,bounds_only,bounds_only_weight_share=0.61,v1,2026-07-15
fungal,SVN,2018,81.3780487804878,0.0678733031674208,bounds_only,bounds_only_weight_share=0.61,v1,2026-07-15
fungal,SVN,2019,81.52926829268293,0.0360824742268041,bounds_only,bounds_only_weight_share=0.61,v1,2026-07-15
fungal,SVN,2020,80.53170731707318,0.0294117647058823,bounds_only,bounds_only_weight_share=0.61,v1,2026-07-15
fungal,SVN,2021,80.67560975609756,0.032069970845481,bounds_only,bounds_only_weight_share=0.61,v1,2026-07-15
fungal,SVN,2022,81.28292682926829,0.0238095238095238,bounds_only,bounds_only_weight_share=0.61,v1,2026-07-15
fungal,SVN,2023,81.92926829268292,0.0796019900497512,bounds_only,bounds_only_weight_share=0.61,v1,2026-07-15
fungal,SVN,2024,82.28536585365855,0.0344827586206896,bounds_only,bounds_only_weight_share=0.61,v1,2026-07-15
fungal,SWE,2010,81.45121951219514,0.0639999999999999,bounds_only,bounds_only_weight_share=0.66,v1,2026-07-15
fungal,SWE,2011,81.80243902439025,0.03,bounds_only,bounds_only_weight_share=0.66,v1,2026-07-15
fungal,SWE,2012,81.7048780487805,0.0,bounds_only,bounds_only_weight_share=0.66,v1,2026-07-15
fungal,SWE,2013,81.9560975609756,0.0392156862745097,bounds_only,bounds_only_weight_share=0.66,v1,2026-07-15
fungal,SWE,2014,82.25365853658538,0.1296296296296296,bounds_only,bounds_only_weight_share=0.66,v1,2026-07-15
fungal,SWE,2015,82.2048780487805,0.06,bounds_only,bounds_only_weight_share=0.66,v1,2026-07-15
fungal,SWE,2016,82.30731707317074,0.1276595744680851,bounds_only,bounds_only_weight_share=0.66,v1,2026-07-15
fungal,SWE,2017,82.40975609756099,0.0434782608695652,bounds_only,bounds_only_weight_share=0.66,v1,2026-07-15
fungal,SWE,2018,82.55853658536586,0.0805369127516778,bounds_only,bounds_only_weight_share=0.66,v1,2026-07-15
fungal,SWE,2019,83.10975609756099,0.09375,bounds_only,bounds_only_weight_share=0.66,v1,2026-07-15
fungal,SWE,2020,82.35609756097561,0.0612244897959183,bounds_only,bounds_only_weight_share=0.66,v1,2026-07-15
fungal,SWE,2021,83.05609756097562,0.125,bounds_only,bounds_only_weight_share=0.66,v1,2026-07-15
fungal,SWE,2022,83.05853658536587,0.0547445255474452,bounds_only,bounds_only_weight_share=0.66,v1,2026-07-15
fungal,SWE,2023,83.30975609756099,0.1397058823529411,bounds_only,bounds_only_weight_share=0.66,v1,2026-07-15
fungal,SWE,2024,84.06341463414634,0.0625,bounds_only,bounds_only_weight_share=0.66,v1,2026-07-15
fungal,THA,2011,75.302,0.0071942446043165,bounds_only,bounds_only_weight_share=0.64,v1,2026-07-15
fungal,THA,2012,75.59,0.0519480519480519,bounds_only,bounds_only_weight_share=0.64,v1,2026-07-15
fungal,THA,2013,75.96,0.027027027027027,bounds_only,bounds_only_weight_share=0.64,v1,2026-07-15
fungal,THA,2014,76.279,0.1046511627906976,bounds_only,bounds_only_weight_share=0.64,v1,2026-07-15
fungal,THA,2015,76.563,0.136986301369863,bounds_only,bounds_only_weight_share=0.64,v1,2026-07-15
fungal,THA,2016,76.769,0.1592920353982301,bounds_only,bounds_only_weight_share=0.64,v1,2026-07-15
fungal,THA,2017,76.989,0.0765765765765765,bounds_only,bounds_only_weight_share=0.64,v1,2026-07-15
fungal,THA,2018,77.19,0.0327102803738317,bounds_only,bounds_only_weight_share=0.64,v1,2026-07-15
fungal,THA,2019,77.197,0.08130081300813,bounds_only,bounds_only_weight_share=0.64,v1,2026-07-15
fungal,THA,2020,77.331,0.0944881889763779,bounds_only,bounds_only_weight_share=0.64,v1,2026-07-15
fungal,THA,2021,77.606,0.0825242718446602,bounds_only,bounds_only_weight_share=0.64,v1,2026-07-15
fungal,THA,2022,75.291,0.0705882352941176,bounds_only,bounds_only_weight_share=0.64,v1,2026-07-15
fungal,THA,2023,76.412,0.0928571428571428,bounds_only,bounds_only_weight_share=0.64,v1,2026-07-15
fungal,THA,2024,76.564,0.0773195876288659,bounds_only,bounds_only_weight_share=0.64,v1,2026-07-15
fungal,TUR,2010,74.964,0.0470588235294117,bounds_only,bounds_only_weight_share=0.65,v1,2026-07-15
fungal,TUR,2011,74.823,0.0289855072463768,bounds_only,bounds_only_weight_share=0.65,v1,2026-07-15
fungal,TUR,2012,75.552,0.0094339622641509,bounds_only,bounds_only_weight_share=0.65,v1,2026-07-15
fungal,TUR,2013,76.171,0.0127795527156549,bounds_only,bounds_only_weight_share=0.65,v1,2026-07-15
fungal,TUR,2014,76.452,0.1269035532994923,bounds_only,bounds_only_weight_share=0.65,v1,2026-07-15
fungal,TUR,2015,76.539,0.0628571428571428,bounds_only,bounds_only_weight_share=0.65,v1,2026-07-15
fungal,TUR,2016,76.595,0.1123595505617977,bounds_only,bounds_only_weight_share=0.65,v1,2026-07-15
fungal,TUR,2017,77.037,0.0576131687242798,bounds_only,bounds_only_weight_share=0.65,v1,2026-07-15
fungal,TUR,2018,77.454,0.0361702127659574,bounds_only,bounds_only_weight_share=0.65,v1,2026-07-15
fungal,TUR,2019,77.737,0.036144578313253,bounds_only,bounds_only_weight_share=0.65,v1,2026-07-15
fungal,TUR,2020,76.525,0.0857142857142857,bounds_only,bounds_only_weight_share=0.65,v1,2026-07-15
fungal,TUR,2021,75.722,0.0681818181818181,bounds_only,bounds_only_weight_share=0.65,v1,2026-07-15
fungal,TUR,2022,77.591,0.0267175572519083,bounds_only,bounds_only_weight_share=0.65,v1,2026-07-15
fungal,TUR,2023,77.156,0.0666666666666666,bounds_only,bounds_only_weight_share=0.65,v1,2026-07-15
fungal,TUR,2024,77.421,0.0784313725490196,bounds_only,bounds_only_weight_share=0.65,v1,2026-07-15
fungal,UKR,2012,71.09,0.0,bounds_only,bounds_only_weight_share=0.75,v1,2026-07-15
fungal,UKR,2013,71.474,0.0,bounds_only,bounds_only_weight_share=0.75,v1,2026-07-15
fungal,USA,2010,78.54146341463415,0.0832920465689098,bounds_only,bounds_only_weight_share=0.64,v1,2026-07-15
fungal,USA,2011,78.64146341463415,0.0374220374220374,bounds_only,bounds_only_weight_share=0.64,v1,2026-07-15
fungal,USA,2012,78.74146341463415,0.051505016722408,bounds_only,bounds_only_weight_share=0.64,v1,2026-07-15
fungal,USA,2013,78.74146341463415,0.0456460026912938,bounds_only,bounds_only_weight_share=0.64,v1,2026-07-15
fungal,USA,2014,78.84146341463415,0.1070911722141823,bounds_only,bounds_only_weight_share=0.64,v1,2026-07-15
fungal,USA,2015,78.69024390243904,0.0628066732090284,bounds_only,bounds_only_weight_share=0.64,v1,2026-07-15
fungal,USA,2016,78.53902439024391,0.0699088145896656,bounds_only,bounds_only_weight_share=0.64,v1,2026-07-15
fungal,USA,2017,78.53902439024391,0.0680365296803652,bounds_only,bounds_only_weight_share=0.64,v1,2026-07-15
fungal,USA,2018,78.63902439024392,0.0531684027777777,bounds_only,bounds_only_weight_share=0.64,v1,2026-07-15
fungal,USA,2019,78.78780487804877,0.0403598971722364,bounds_only,bounds_only_weight_share=0.64,v1,2026-07-15
fungal,USA,2020,76.98048780487805,0.0472934472934473,bounds_only,bounds_only_weight_share=0.64,v1,2026-07-15
fungal,USA,2021,76.32926829268293,0.0599352051835853,bounds_only,bounds_only_weight_share=0.64,v1,2026-07-15
fungal,USA,2022,77.43414634146343,0.0341402855369335,bounds_only,bounds_only_weight_share=0.64,v1,2026-07-15
fungal,USA,2023,78.38536585365854,0.054127198917456,bounds_only,bounds_only_weight_share=0.64,v1,2026-07-15
fungal,USA,2024,78.89024390243904,0.0450204638472032,bounds_only,bounds_only_weight_share=0.64,v1,2026-07-15
fungal,ZAF,2010,58.886,0.0434782608695652,bounds_only,bounds_only_weight_share=0.69,v1,2026-07-15
fungal,ZAF,2011,60.602,0.0606060606060606,bounds_only,bounds_only_weight_share=0.69,v1,2026-07-15
